chktex: WARNING -- Could not find global resource file.
Warning 8 in preamble.tex line 15: Wrong length of dash may have been used.
\hypersetup{pdftitle={Distribution-independent SQ learning does not imply low dimension complexity},pdfauthor={Samuel Mausberg},pdfsubject={A negative answer to Open Question 2 of Feldman, Kamath and Srebro},pdfkeywords={statistical queries, sign-rank, dimension complexity, learning theory}}  
                                  ^
Warning 8 in preamble.tex line 15: Wrong length of dash may have been used.
\hypersetup{pdftitle={Distribution-independent SQ learning does not imply low dimension complexity},pdfauthor={Samuel Mausberg},pdfsubject={A negative answer to Open Question 2 of Feldman, Kamath and Srebro},pdfkeywords={statistical queries, sign-rank, dimension complexity, learning theory}}  
                                                                                                                                                                                                                                                      ^
Warning 1 in preamble.tex line 36: Command terminated with space.
\newcommand{\R}{\mathbb R}  
                       ^
Warning 1 in preamble.tex line 37: Command terminated with space.
\newcommand{\E}{\mathbb E}  
                       ^
Warning 1 in preamble.tex line 38: Command terminated with space.
\newcommand{\1}{\mathbf 1}  
                       ^
Warning 1 in preamble.tex line 39: Command terminated with space.
\newcommand{\cH}{\mathcal H}  
                         ^
Warning 1 in preamble.tex line 65: Command terminated with space.
\raggedbottom  
             ^
Warning 8 in paper.tex line 3: Wrong length of dash may have been used.
\title{Distribution-independent SQ learning does not imply low dimension complexity\\[7pt]  
                   ^
Warning 1 in paper.tex line 4: Command terminated with space.
\large A negative answer to Open Question 2 of Feldman, Kamath and Srebro}  
      ^
Warning 1 in paper.tex line 8: Command terminated with space.
\maketitle  
          ^
Warning 8 in abstract.tex line 1: Wrong length of dash may have been used.
Distribution-independent statistical-query learning does not imply low dimension complexity, even for nondegenerate probabilistic variants. If every product distribution has a monochromatic rectangle of mass at least $1/\rho$, a common learner uses $O(\rho(\log|H|+\log(1/\epsilon)))$ queries at tolerance $\Omega(\epsilon/(\rho\log(1/\epsilon)))$. For random incidence flips on $2M$ points, this yields $O_\epsilon(\log M)$ queries despite dimension $\Omega(M^{1/3}/\log M)$, exact probabilistic dimension $\Omega(M^{1/3}/\log^2 M)$, and averaged probabilistic dimension $\Omega_\eta(M^{1/3}/\log M)$ for fixed $\eta<1/2$. Proper deterministic implementations run in time polynomial in the supplied table. Under subexponential pseudorandom-function security, a key-known polynomial-time learner uses $O_\epsilon(n^2)$ queries while almost every key gives dimension at least $n^c/(30\log_2 n)$, for any prescribed fixed $c$ and $n=\log_2|X|$. These classes also admit engineered polynomial-size differentiable-learning simulations. Bounded product-average communication is sufficient for SQ learning, but cube halfspaces show it is unnecessary. The prescribed Gaussian-initialized, bias-free online-SGD question remains open.  
            ^
Warning 8 in abstract.tex line 1: Wrong length of dash may have been used.
Distribution-independent statistical-query learning does not imply low dimension complexity, even for nondegenerate probabilistic variants. If every product distribution has a monochromatic rectangle of mass at least $1/\rho$, a common learner uses $O(\rho(\log|H|+\log(1/\epsilon)))$ queries at tolerance $\Omega(\epsilon/(\rho\log(1/\epsilon)))$. For random incidence flips on $2M$ points, this yields $O_\epsilon(\log M)$ queries despite dimension $\Omega(M^{1/3}/\log M)$, exact probabilistic dimension $\Omega(M^{1/3}/\log^2 M)$, and averaged probabilistic dimension $\Omega_\eta(M^{1/3}/\log M)$ for fixed $\eta<1/2$. Proper deterministic implementations run in time polynomial in the supplied table. Under subexponential pseudorandom-function security, a key-known polynomial-time learner uses $O_\epsilon(n^2)$ queries while almost every key gives dimension at least $n^c/(30\log_2 n)$, for any prescribed fixed $c$ and $n=\log_2|X|$. These classes also admit engineered polynomial-size differentiable-learning simulations. Bounded product-average communication is sufficient for SQ learning, but cube halfspaces show it is unnecessary. The prescribed Gaussian-initialized, bias-free online-SGD question remains open.  
                                    ^
Warning 8 in abstract.tex line 1: Wrong length of dash may have been used.
Distribution-independent statistical-query learning does not imply low dimension complexity, even for nondegenerate probabilistic variants. If every product distribution has a monochromatic rectangle of mass at least $1/\rho$, a common learner uses $O(\rho(\log|H|+\log(1/\epsilon)))$ queries at tolerance $\Omega(\epsilon/(\rho\log(1/\epsilon)))$. For random incidence flips on $2M$ points, this yields $O_\epsilon(\log M)$ queries despite dimension $\Omega(M^{1/3}/\log M)$, exact probabilistic dimension $\Omega(M^{1/3}/\log^2 M)$, and averaged probabilistic dimension $\Omega_\eta(M^{1/3}/\log M)$ for fixed $\eta<1/2$. Proper deterministic implementations run in time polynomial in the supplied table. Under subexponential pseudorandom-function security, a key-known polynomial-time learner uses $O_\epsilon(n^2)$ queries while almost every key gives dimension at least $n^c/(30\log_2 n)$, for any prescribed fixed $c$ and $n=\log_2|X|$. These classes also admit engineered polynomial-size differentiable-learning simulations. Bounded product-average communication is sufficient for SQ learning, but cube halfspaces show it is unnecessary. The prescribed Gaussian-initialized, bias-free online-SGD question remains open.  
                                                                                                                                                                                                                                                                                                                                                                                                                                                                                                                                                                                                                                                                                                                                                                    ^
Warning 8 in abstract.tex line 1: Wrong length of dash may have been used.
Distribution-independent statistical-query learning does not imply low dimension complexity, even for nondegenerate probabilistic variants. If every product distribution has a monochromatic rectangle of mass at least $1/\rho$, a common learner uses $O(\rho(\log|H|+\log(1/\epsilon)))$ queries at tolerance $\Omega(\epsilon/(\rho\log(1/\epsilon)))$. For random incidence flips on $2M$ points, this yields $O_\epsilon(\log M)$ queries despite dimension $\Omega(M^{1/3}/\log M)$, exact probabilistic dimension $\Omega(M^{1/3}/\log^2 M)$, and averaged probabilistic dimension $\Omega_\eta(M^{1/3}/\log M)$ for fixed $\eta<1/2$. Proper deterministic implementations run in time polynomial in the supplied table. Under subexponential pseudorandom-function security, a key-known polynomial-time learner uses $O_\epsilon(n^2)$ queries while almost every key gives dimension at least $n^c/(30\log_2 n)$, for any prescribed fixed $c$ and $n=\log_2|X|$. These classes also admit engineered polynomial-size differentiable-learning simulations. Bounded product-average communication is sufficient for SQ learning, but cube halfspaces show it is unnecessary. The prescribed Gaussian-initialized, bias-free online-SGD question remains open.  
                                                                                                                                                                                                                                                                                                                                                                                                                                                                                                                                                                                                                                                                                                                                                                                             ^
Warning 8 in abstract.tex line 1: Wrong length of dash may have been used.
Distribution-independent statistical-query learning does not imply low dimension complexity, even for nondegenerate probabilistic variants. If every product distribution has a monochromatic rectangle of mass at least $1/\rho$, a common learner uses $O(\rho(\log|H|+\log(1/\epsilon)))$ queries at tolerance $\Omega(\epsilon/(\rho\log(1/\epsilon)))$. For random incidence flips on $2M$ points, this yields $O_\epsilon(\log M)$ queries despite dimension $\Omega(M^{1/3}/\log M)$, exact probabilistic dimension $\Omega(M^{1/3}/\log^2 M)$, and averaged probabilistic dimension $\Omega_\eta(M^{1/3}/\log M)$ for fixed $\eta<1/2$. Proper deterministic implementations run in time polynomial in the supplied table. Under subexponential pseudorandom-function security, a key-known polynomial-time learner uses $O_\epsilon(n^2)$ queries while almost every key gives dimension at least $n^c/(30\log_2 n)$, for any prescribed fixed $c$ and $n=\log_2|X|$. These classes also admit engineered polynomial-size differentiable-learning simulations. Bounded product-average communication is sufficient for SQ learning, but cube halfspaces show it is unnecessary. The prescribed Gaussian-initialized, bias-free online-SGD question remains open.  
                                                                                                                                                                                                                                                                                                                                                                                                                                                                                                                                                                                                                                                                                                                                                                                                              ^
Warning 8 in abstract.tex line 1: Wrong length of dash may have been used.
Distribution-independent statistical-query learning does not imply low dimension complexity, even for nondegenerate probabilistic variants. If every product distribution has a monochromatic rectangle of mass at least $1/\rho$, a common learner uses $O(\rho(\log|H|+\log(1/\epsilon)))$ queries at tolerance $\Omega(\epsilon/(\rho\log(1/\epsilon)))$. For random incidence flips on $2M$ points, this yields $O_\epsilon(\log M)$ queries despite dimension $\Omega(M^{1/3}/\log M)$, exact probabilistic dimension $\Omega(M^{1/3}/\log^2 M)$, and averaged probabilistic dimension $\Omega_\eta(M^{1/3}/\log M)$ for fixed $\eta<1/2$. Proper deterministic implementations run in time polynomial in the supplied table. Under subexponential pseudorandom-function security, a key-known polynomial-time learner uses $O_\epsilon(n^2)$ queries while almost every key gives dimension at least $n^c/(30\log_2 n)$, for any prescribed fixed $c$ and $n=\log_2|X|$. These classes also admit engineered polynomial-size differentiable-learning simulations. Bounded product-average communication is sufficient for SQ learning, but cube halfspaces show it is unnecessary. The prescribed Gaussian-initialized, bias-free online-SGD question remains open.  
                                                                                                                                                                                                                                                                                                                                                                                                                                                                                                                                                                                                                                                                                                                                                                                                                                                                                                                                                                                                                             ^
Warning 8 in abstract.tex line 1: Wrong length of dash may have been used.
Distribution-independent statistical-query learning does not imply low dimension complexity, even for nondegenerate probabilistic variants. If every product distribution has a monochromatic rectangle of mass at least $1/\rho$, a common learner uses $O(\rho(\log|H|+\log(1/\epsilon)))$ queries at tolerance $\Omega(\epsilon/(\rho\log(1/\epsilon)))$. For random incidence flips on $2M$ points, this yields $O_\epsilon(\log M)$ queries despite dimension $\Omega(M^{1/3}/\log M)$, exact probabilistic dimension $\Omega(M^{1/3}/\log^2 M)$, and averaged probabilistic dimension $\Omega_\eta(M^{1/3}/\log M)$ for fixed $\eta<1/2$. Proper deterministic implementations run in time polynomial in the supplied table. Under subexponential pseudorandom-function security, a key-known polynomial-time learner uses $O_\epsilon(n^2)$ queries while almost every key gives dimension at least $n^c/(30\log_2 n)$, for any prescribed fixed $c$ and $n=\log_2|X|$. These classes also admit engineered polynomial-size differentiable-learning simulations. Bounded product-average communication is sufficient for SQ learning, but cube halfspaces show it is unnecessary. The prescribed Gaussian-initialized, bias-free online-SGD question remains open.  
                                                                                                                                                                                                                                                                                                                                                                                                                                                                                                                                                                                                                                                                                                                                                                                                                                                                                                                                                                                                                                                 ^
Warning 8 in abstract.tex line 1: Wrong length of dash may have been used.
Distribution-independent statistical-query learning does not imply low dimension complexity, even for nondegenerate probabilistic variants. If every product distribution has a monochromatic rectangle of mass at least $1/\rho$, a common learner uses $O(\rho(\log|H|+\log(1/\epsilon)))$ queries at tolerance $\Omega(\epsilon/(\rho\log(1/\epsilon)))$. For random incidence flips on $2M$ points, this yields $O_\epsilon(\log M)$ queries despite dimension $\Omega(M^{1/3}/\log M)$, exact probabilistic dimension $\Omega(M^{1/3}/\log^2 M)$, and averaged probabilistic dimension $\Omega_\eta(M^{1/3}/\log M)$ for fixed $\eta<1/2$. Proper deterministic implementations run in time polynomial in the supplied table. Under subexponential pseudorandom-function security, a key-known polynomial-time learner uses $O_\epsilon(n^2)$ queries while almost every key gives dimension at least $n^c/(30\log_2 n)$, for any prescribed fixed $c$ and $n=\log_2|X|$. These classes also admit engineered polynomial-size differentiable-learning simulations. Bounded product-average communication is sufficient for SQ learning, but cube halfspaces show it is unnecessary. The prescribed Gaussian-initialized, bias-free online-SGD question remains open.  
                                                                                                                                                                                                                                                                                                                                                                                                                                                                                                                                                                                                                                                                                                                                                                                                                                                                                                                                                                                                                                                                                       ^
Warning 8 in abstract.tex line 1: Wrong length of dash may have been used.
Distribution-independent statistical-query learning does not imply low dimension complexity, even for nondegenerate probabilistic variants. If every product distribution has a monochromatic rectangle of mass at least $1/\rho$, a common learner uses $O(\rho(\log|H|+\log(1/\epsilon)))$ queries at tolerance $\Omega(\epsilon/(\rho\log(1/\epsilon)))$. For random incidence flips on $2M$ points, this yields $O_\epsilon(\log M)$ queries despite dimension $\Omega(M^{1/3}/\log M)$, exact probabilistic dimension $\Omega(M^{1/3}/\log^2 M)$, and averaged probabilistic dimension $\Omega_\eta(M^{1/3}/\log M)$ for fixed $\eta<1/2$. Proper deterministic implementations run in time polynomial in the supplied table. Under subexponential pseudorandom-function security, a key-known polynomial-time learner uses $O_\epsilon(n^2)$ queries while almost every key gives dimension at least $n^c/(30\log_2 n)$, for any prescribed fixed $c$ and $n=\log_2|X|$. These classes also admit engineered polynomial-size differentiable-learning simulations. Bounded product-average communication is sufficient for SQ learning, but cube halfspaces show it is unnecessary. The prescribed Gaussian-initialized, bias-free online-SGD question remains open.  
                                                                                                                                                                                                                                                                                                                                                                                                                                                                                                                                                                                                                                                                                                                                                                                                                                                                                                                                                                                                                                                                                                                                                                                                                ^
Warning 8 in abstract.tex line 1: Wrong length of dash may have been used.
Distribution-independent statistical-query learning does not imply low dimension complexity, even for nondegenerate probabilistic variants. If every product distribution has a monochromatic rectangle of mass at least $1/\rho$, a common learner uses $O(\rho(\log|H|+\log(1/\epsilon)))$ queries at tolerance $\Omega(\epsilon/(\rho\log(1/\epsilon)))$. For random incidence flips on $2M$ points, this yields $O_\epsilon(\log M)$ queries despite dimension $\Omega(M^{1/3}/\log M)$, exact probabilistic dimension $\Omega(M^{1/3}/\log^2 M)$, and averaged probabilistic dimension $\Omega_\eta(M^{1/3}/\log M)$ for fixed $\eta<1/2$. Proper deterministic implementations run in time polynomial in the supplied table. Under subexponential pseudorandom-function security, a key-known polynomial-time learner uses $O_\epsilon(n^2)$ queries while almost every key gives dimension at least $n^c/(30\log_2 n)$, for any prescribed fixed $c$ and $n=\log_2|X|$. These classes also admit engineered polynomial-size differentiable-learning simulations. Bounded product-average communication is sufficient for SQ learning, but cube halfspaces show it is unnecessary. The prescribed Gaussian-initialized, bias-free online-SGD question remains open.  
                                                                                                                                                                                                                                                                                                                                                                                                                                                                                                                                                                                                                                                                                                                                                                                                                                                                                                                                                                                                                                                                                                                                                                                                                                  ^
Warning 8 in abstract.tex line 1: Wrong length of dash may have been used.
Distribution-independent statistical-query learning does not imply low dimension complexity, even for nondegenerate probabilistic variants. If every product distribution has a monochromatic rectangle of mass at least $1/\rho$, a common learner uses $O(\rho(\log|H|+\log(1/\epsilon)))$ queries at tolerance $\Omega(\epsilon/(\rho\log(1/\epsilon)))$. For random incidence flips on $2M$ points, this yields $O_\epsilon(\log M)$ queries despite dimension $\Omega(M^{1/3}/\log M)$, exact probabilistic dimension $\Omega(M^{1/3}/\log^2 M)$, and averaged probabilistic dimension $\Omega_\eta(M^{1/3}/\log M)$ for fixed $\eta<1/2$. Proper deterministic implementations run in time polynomial in the supplied table. Under subexponential pseudorandom-function security, a key-known polynomial-time learner uses $O_\epsilon(n^2)$ queries while almost every key gives dimension at least $n^c/(30\log_2 n)$, for any prescribed fixed $c$ and $n=\log_2|X|$. These classes also admit engineered polynomial-size differentiable-learning simulations. Bounded product-average communication is sufficient for SQ learning, but cube halfspaces show it is unnecessary. The prescribed Gaussian-initialized, bias-free online-SGD question remains open.  
                                                                                                                                                                                                                                                                                                                                                                                                                                                                                                                                                                                                                                                                                                                                                                                                                                                                                                                                                                                                                                                                                                                                                                                                                                              ^
Warning 1 in sections/01_introduction.tex line 3: Command terminated with space.
\begin{quote}\small  
                   ^
Warning 3 in sections/01_introduction.tex line 5: You should enclose the previous parenthesis with `{}'.
Is there a constant $C$ such that for every class $\mathcal H\subseteq\{\pm1\}^{\mathcal X}$, over any domain $\mathcal X$, and any $\epsilon<1/4$, if there exists an $(m,\tau)$-SQ algorithm s.t. for every input distribution $\mathcal D$ and every $h^\star\in\mathcal H$, the algorithm returns a predictor $\hat h$ with $\E\mathcal L_{\mathcal D,h^\star}(\hat h)\le\epsilon$ (expectation over the randomness of the algorithm), then $\dc(\mathcal H)\le C\cdot m/\tau^2$.  
                                                                            ^^
Warning 12 in sections/01_introduction.tex line 5: Interword spacing (`\ ') should perhaps be used.
Is there a constant $C$ such that for every class $\mathcal H\subseteq\{\pm1\}^{\mathcal X}$, over any domain $\mathcal X$, and any $\epsilon<1/4$, if there exists an $(m,\tau)$-SQ algorithm s.t. for every input distribution $\mathcal D$ and every $h^\star\in\mathcal H$, the algorithm returns a predictor $\hat h$ with $\E\mathcal L_{\mathcal D,h^\star}(\hat h)\le\epsilon$ (expectation over the randomness of the algorithm), then $\dc(\mathcal H)\le C\cdot m/\tau^2$.  
                                                                                                                                                                                                   ^
Warning 3 in sections/01_introduction.tex line 9: You should enclose the previous parenthesis with `{}'.
Here is the quantitative question in the notation used below. Let $X$ be finite, $n=\log_2|X|$, and $H\subseteq\{-1,+1\}^X$. Let $\dc(H)$ be the least dimension of a strict linear representation of every $h\in H$ by one feature map. Suppose a randomized adaptive $(m,\tau)$ statistical-query learner has expected classification error at most a fixed $0<\epsilon<1/4$ for every marginal $D$ on $X$ and target $h\in H$. The proposed conclusions, in decreasing strength, are  
                                                                                                                      ^^
Warning 8 in sections/01_introduction.tex line 9: Wrong length of dash may have been used.
Here is the quantitative question in the notation used below. Let $X$ be finite, $n=\log_2|X|$, and $H\subseteq\{-1,+1\}^X$. Let $\dc(H)$ be the least dimension of a strict linear representation of every $h\in H$ by one feature map. Suppose a randomized adaptive $(m,\tau)$ statistical-query learner has expected classification error at most a fixed $0<\epsilon<1/4$ for every marginal $D$ on $X$ and target $h\in H$. The proposed conclusions, in decreasing strength, are  
                                                                                                                                                                                                                                                                                             ^
Warning 1 in sections/01_introduction.tex line 11: Command terminated with space.
\dc(H)&\le C m/\tau^2, &&\text{(L)}\label{eq:linear-question}\\  
          ^
Warning 8 in sections/01_introduction.tex line 11: Wrong length of dash may have been used.
\dc(H)&\le C m/\tau^2, &&\text{(L)}\label{eq:linear-question}\\  
                                                   ^
Warning 1 in sections/01_introduction.tex line 12: Command terminated with space.
\dc(H)&\le p(m,1/\tau), &&\text{(P)}\label{eq:poly-question}\\  
          ^
Warning 36 in sections/01_introduction.tex line 12: You should put a space in front of parenthesis.
\dc(H)&\le p(m,1/\tau), &&\text{(P)}\label{eq:poly-question}\\  
            ^
Warning 8 in sections/01_introduction.tex line 12: Wrong length of dash may have been used.
\dc(H)&\le p(m,1/\tau), &&\text{(P)}\label{eq:poly-question}\\  
                                                  ^
Warning 1 in sections/01_introduction.tex line 13: Command terminated with space.
\dc(H)&\le p(m,1/\tau,n), &&\text{(Pn)}\label{eq:polyn-question}  
          ^
Warning 36 in sections/01_introduction.tex line 13: You should put a space in front of parenthesis.
\dc(H)&\le p(m,1/\tau,n), &&\text{(Pn)}\label{eq:polyn-question}  
            ^
Warning 8 in sections/01_introduction.tex line 13: Wrong length of dash may have been used.
\dc(H)&\le p(m,1/\tau,n), &&\text{(Pn)}\label{eq:polyn-question}  
                                                      ^
Warning 8 in sections/01_introduction.tex line 15: Wrong length of dash may have been used.
where $C$ and the polynomial $p$ are universal. We also consider $\dc_{1/2}$, which permits a random embedding realizing each target exactly with probability at least $1/2$, and $\dc^\eta$, which permits expected best-linear-predictor error at most $\eta$. Their precise quantifiers and tie conventions appear in \cref{sec:preliminaries}. Each proposed conclusion fails for these notions as well.  
                                                                                                                                                                                                                         ^
Warning 8 in sections/01_introduction.tex line 15: Wrong length of dash may have been used.
where $C$ and the polynomial $p$ are universal. We also consider $\dc_{1/2}$, which permits a random embedding realizing each target exactly with probability at least $1/2$, and $\dc^\eta$, which permits expected best-linear-predictor error at most $\eta$. Their precise quantifiers and tie conventions appear in \cref{sec:preliminaries}. Each proposed conclusion fails for these notions as well.  
                                                                                                                                                                                                                                ^
Warning 8 in sections/01_introduction.tex line 23: Wrong length of dash may have been used.
If $\rect(H)\ge1/\rho$ with $\rho\ge1$, then for every $0<\epsilon<1/4$ one distribution-independent SQ learner achieves expected error at most $\epsilon$ against every valid adaptive oracle, using  
                                                                                        ^
Warning 8 in sections/01_introduction.tex line 36: Wrong length of dash may have been used.
The parameter constants are given in \cref{lem:params}; the separation follows from \cref{thm:construction,thm:prob,lem:exact-prob,thm:caps,thm:proper}. The deterministic implementation has a pointwise worst-case error guarantee, so the counterexample does not depend on averaging the learner's error over its random seed.  
                                                                                                                             ^
Warning 8 in sections/01_introduction.tex line 36: Wrong length of dash may have been used.
The parameter constants are given in \cref{lem:params}; the separation follows from \cref{thm:construction,thm:prob,lem:exact-prob,thm:caps,thm:proper}. The deterministic implementation has a pointwise worst-case error guarantee, so the counterexample does not depend on averaging the learner's error over its random seed.  
                                                                                                                                                                                                               ^
Warning 8 in sections/01_introduction.tex line 39: Wrong length of dash may have been used.
A fixed feature map must realize every example--hypothesis sign simultaneously. A learner can first ask where the unknown marginal places mass, then label an agreed region or remove inconsistent hypotheses. A finite minimax argument turns the product-distribution rectangle property into a distribution over rectangles that covers every point without knowing the marginal. RECTIFY charges either action to the product of the rectangle's two masses. One potential controls hypothesis eliminations; another controls peeled mass. Their combination yields the finite query budget. The incidence-flip construction preserves this rectangle structure while counting forces high sign-rank.  
                                              ^^
Warning 8 in sections/01_introduction.tex line 39: Wrong length of dash may have been used.
A fixed feature map must realize every example--hypothesis sign simultaneously. A learner can first ask where the unknown marginal places mass, then label an agreed region or remove inconsistent hypotheses. A finite minimax argument turns the product-distribution rectangle property into a distribution over rectangles that covers every point without knowing the marginal. RECTIFY charges either action to the product of the rectangle's two masses. One potential controls hypothesis eliminations; another controls peeled mass. Their combination yields the finite query budget. The incidence-flip construction preserves this rectangle structure while counting forces high sign-rank.  
                                                                                                                                                                                                                                                          ^
Warning 8 in sections/01_introduction.tex line 39: Wrong length of dash may have been used.
A fixed feature map must realize every example--hypothesis sign simultaneously. A learner can first ask where the unknown marginal places mass, then label an agreed region or remove inconsistent hypotheses. A finite minimax argument turns the product-distribution rectangle property into a distribution over rectangles that covers every point without knowing the marginal. RECTIFY charges either action to the product of the rectangle's two masses. One potential controls hypothesis eliminations; another controls peeled mass. Their combination yields the finite query budget. The incidence-flip construction preserves this rectangle structure while counting forces high sign-rank.  
                                                                                                                                                                                                                                                                                                                                                                                                                                                                                                                                                                                                              ^
Warning 8 in sections/01_introduction.tex line 39: Wrong length of dash may have been used.
A fixed feature map must realize every example--hypothesis sign simultaneously. A learner can first ask where the unknown marginal places mass, then label an agreed region or remove inconsistent hypotheses. A finite minimax argument turns the product-distribution rectangle property into a distribution over rectangles that covers every point without knowing the marginal. RECTIFY charges either action to the product of the rectangle's two masses. One potential controls hypothesis eliminations; another controls peeled mass. Their combination yields the finite query budget. The incidence-flip construction preserves this rectangle structure while counting forces high sign-rank.  
                                                                                                                                                                                                                                                                                                                                                                                                                                                                                                                                                                                                                                                                                                   ^
Warning 1 in sections/01_introduction.tex line 43: Command terminated with space.
\item A rectangle-based sufficient condition for distribution-independent SQ learning, with explicit tolerance and a worst-case query bound (\cref{thm:main,lem:params}).  
     ^
Warning 8 in sections/01_introduction.tex line 43: Wrong length of dash may have been used.
\item A rectangle-based sufficient condition for distribution-independent SQ learning, with explicit tolerance and a worst-case query bound (\cref{thm:main,lem:params}).  
                 ^
Warning 8 in sections/01_introduction.tex line 43: Wrong length of dash may have been used.
\item A rectangle-based sufficient condition for distribution-independent SQ learning, with explicit tolerance and a worst-case query bound (\cref{thm:main,lem:params}).  
                                                             ^
Warning 8 in sections/01_introduction.tex line 43: Wrong length of dash may have been used.
\item A rectangle-based sufficient condition for distribution-independent SQ learning, with explicit tolerance and a worst-case query bound (\cref{thm:main,lem:params}).  
                                                                                                                          ^
Warning 1 in sections/01_introduction.tex line 44: Command terminated with space.
\item A negative answer to (L), (P) and (Pn), including exact and averaged probabilistic dimension under nondegenerate loss conventions (\cref{cor:negative-answer}).  
     ^
Warning 8 in sections/01_introduction.tex line 44: Wrong length of dash may have been used.
\item A negative answer to (L), (P) and (Pn), including exact and averaged probabilistic dimension under nondegenerate loss conventions (\cref{cor:negative-answer}).  
                                                                                                                                                           ^
Warning 1 in sections/01_introduction.tex line 45: Command terminated with space.
\item Table-polynomial cap samplers, a deterministic implementation, and proper learning for the separating family (\cref{thm:caps,thm:proper}).  
     ^
Warning 8 in sections/01_introduction.tex line 45: Wrong length of dash may have been used.
\item Table-polynomial cap samplers, a deterministic implementation, and proper learning for the separating family (\cref{thm:caps,thm:proper}).  
           ^
Warning 1 in sections/01_introduction.tex line 46: Command terminated with space.
\item A succinct order-median learner with $O(n^2)$ queries, and conditional key-known polynomial-time separations for every prescribed polynomial degree (\cref{thm:fast,thm:prf,cor:fastprf}).  
     ^
Warning 8 in sections/01_introduction.tex line 46: Wrong length of dash may have been used.
\item A succinct order-median learner with $O(n^2)$ queries, and conditional key-known polynomial-time separations for every prescribed polynomial degree (\cref{thm:fast,thm:prf,cor:fastprf}).  
                      ^
Warning 8 in sections/01_introduction.tex line 46: Wrong length of dash may have been used.
\item A succinct order-median learner with $O(n^2)$ queries, and conditional key-known polynomial-time separations for every prescribed polynomial degree (\cref{thm:fast,thm:prf,cor:fastprf}).  
                                                                                ^
Warning 8 in sections/01_introduction.tex line 46: Wrong length of dash may have been used.
\item A succinct order-median learner with $O(n^2)$ queries, and conditional key-known polynomial-time separations for every prescribed polynomial degree (\cref{thm:fast,thm:prf,cor:fastprf}).  
                                                                                                 ^
Warning 1 in sections/01_introduction.tex line 47: Command terminated with space.
\item Communication sufficient conditions, spectral obstructions, and examples distinguishing rectangle size from SQ complexity (\cref{thm:communication,thm:barrier,thm:halfspaces}).  
     ^
Warning 1 in sections/01_introduction.tex line 48: Command terminated with space.
\item Quantified marginal adaptation and resource barriers, together with a precise engineered-gradient corollary and the remaining online-SGD question (\cref{thm:adapt,cor:engineered,thm:description,thm:classicalbarrier,prop:unseen}).  
     ^
Warning 8 in sections/01_introduction.tex line 48: Wrong length of dash may have been used.
\item Quantified marginal adaptation and resource barriers, together with a precise engineered-gradient corollary and the remaining online-SGD question (\cref{thm:adapt,cor:engineered,thm:description,thm:classicalbarrier,prop:unseen}).  
                                                                                              ^
Warning 8 in sections/01_introduction.tex line 48: Wrong length of dash may have been used.
\item Quantified marginal adaptation and resource barriers, together with a precise engineered-gradient corollary and the remaining online-SGD question (\cref{thm:adapt,cor:engineered,thm:description,thm:classicalbarrier,prop:unseen}).  
                                                                                                                                          ^
Warning 1 in sections/01_introduction.tex line 52: Command terminated with space.
\centering\small  
                ^
Warning 1 in sections/01_introduction.tex line 54: Command terminated with space.
\toprule  
        ^
Warning 1 in sections/01_introduction.tex line 55: Command terminated with space.
Imported ingredient & Role in the argument\\\midrule  
                                                    ^
Warning 8 in sections/01_introduction.tex line 57: Wrong length of dash may have been used.
Warren's theorem \citep{Warren68,AMY16} & Counts strict low-rank sign patterns; the application-specific constants and probabilistic reductions are derived here.\\  
                                                           ^
Warning 8 in sections/01_introduction.tex line 57: Wrong length of dash may have been used.
Warren's theorem \citep{Warren68,AMY16} & Counts strict low-rank sign patterns; the application-specific constants and probabilistic reductions are derived here.\\  
                                                                                               ^
Warning 8 in sections/01_introduction.tex line 58: Wrong length of dash may have been used.
Homogeneous rectangles \citep{APP05,HHPTZ22} & Sharpen the constant to $2^{-15}$; \cref{prop:cap-bound} independently gives $2^{-18}$.\\  
                                                                                                ^
Warning 8 in sections/01_introduction.tex line 60: Wrong length of dash may have been used.
SQ and differentiable-learning characterizations \citep{Feldman17,AKMSS21} & Used only for the separate comparisons in \cref{sec:resources,sec:rsd}.\\  
                     ^
Warning 1 in sections/01_introduction.tex line 61: Command terminated with space.
\bottomrule  
           ^
Warning 8 in sections/01_introduction.tex line 70: Wrong length of dash may have been used.
SQ query complexity charges neither the class description nor preprocessing. Table-polynomial and seed-polynomial running times are distinguished throughout. A high-probability statement about keys or advice does not select an efficient deterministic sequence of good strings. The conditional statements assume the specified PRF security. Probabilistic dimensions use Boolean predictions with an explicit tie rule; a raw-score loss that declares every zero score correct is excluded. The original class-dependent Gaussian-initialized online-SGD implication remains open.  
                                                                                  ^
Warning 8 in sections/01_introduction.tex line 70: Wrong length of dash may have been used.
SQ query complexity charges neither the class description nor preprocessing. Table-polynomial and seed-polynomial running times are distinguished throughout. A high-probability statement about keys or advice does not select an efficient deterministic sequence of good strings. The conditional statements assume the specified PRF security. Probabilistic dimensions use Boolean predictions with an explicit tie rule; a raw-score loss that declares every zero score correct is excluded. The original class-dependent Gaussian-initialized online-SGD implication remains open.  
                                                                                                      ^
Warning 8 in sections/01_introduction.tex line 70: Wrong length of dash may have been used.
SQ query complexity charges neither the class description nor preprocessing. Table-polynomial and seed-polynomial running times are distinguished throughout. A high-probability statement about keys or advice does not select an efficient deterministic sequence of good strings. The conditional statements assume the specified PRF security. Probabilistic dimensions use Boolean predictions with an explicit tie rule; a raw-score loss that declares every zero score correct is excluded. The original class-dependent Gaussian-initialized online-SGD implication remains open.  
                                                                                                                                                                    ^
Warning 8 in sections/01_introduction.tex line 70: Wrong length of dash may have been used.
SQ query complexity charges neither the class description nor preprocessing. Table-polynomial and seed-polynomial running times are distinguished throughout. A high-probability statement about keys or advice does not select an efficient deterministic sequence of good strings. The conditional statements assume the specified PRF security. Probabilistic dimensions use Boolean predictions with an explicit tie rule; a raw-score loss that declares every zero score correct is excluded. The original class-dependent Gaussian-initialized online-SGD implication remains open.  
                                                                                                                                                                                                                                                                                                                                                                                                                                    ^
Warning 8 in sections/01_introduction.tex line 70: Wrong length of dash may have been used.
SQ query complexity charges neither the class description nor preprocessing. Table-polynomial and seed-polynomial running times are distinguished throughout. A high-probability statement about keys or advice does not select an efficient deterministic sequence of good strings. The conditional statements assume the specified PRF security. Probabilistic dimensions use Boolean predictions with an explicit tie rule; a raw-score loss that declares every zero score correct is excluded. The original class-dependent Gaussian-initialized online-SGD implication remains open.  
                                                                                                                                                                                                                                                                                                                                                                                                                                                                                                                      ^
Warning 8 in sections/01_introduction.tex line 70: Wrong length of dash may have been used.
SQ query complexity charges neither the class description nor preprocessing. Table-polynomial and seed-polynomial running times are distinguished throughout. A high-probability statement about keys or advice does not select an efficient deterministic sequence of good strings. The conditional statements assume the specified PRF security. Probabilistic dimensions use Boolean predictions with an explicit tie rule; a raw-score loss that declares every zero score correct is excluded. The original class-dependent Gaussian-initialized online-SGD implication remains open.  
                                                                                                                                                                                                                                                                                                                                                                                                                                                                                                                                         ^
Warning 8 in sections/01_introduction.tex line 70: Wrong length of dash may have been used.
SQ query complexity charges neither the class description nor preprocessing. Table-polynomial and seed-polynomial running times are distinguished throughout. A high-probability statement about keys or advice does not select an efficient deterministic sequence of good strings. The conditional statements assume the specified PRF security. Probabilistic dimensions use Boolean predictions with an explicit tie rule; a raw-score loss that declares every zero score correct is excluded. The original class-dependent Gaussian-initialized online-SGD implication remains open.  
                                                                                                                                                                                                                                                                                                                                                                                                                                                                                                                                                            ^
Warning 25 in sections/02_preliminaries.tex line 6: You might wish to put this between a pair of `{}'
 L_{D,h}(g)=\sum_xD(x)\1_{g(x)\ne h(x)},\qquad  
                 ^^
Warning 25 in sections/02_preliminaries.tex line 10: You might wish to put this between a pair of `{}'
$|v-\E_Dq(x,h(x))|\le\tau$ \citep{Kearns98}. An oracle policy may choose its answers using the entire public query-answer history, including earlier queries that reveal previous random choices and the current query. This is the strongest nonanticipating adaptive-policy reading of the source\textquotesingle s arbitrary valid responses; the policy is not given unrevealed future private coins. A randomized learner must satisfy  
       ^^
Warning 8 in sections/02_preliminaries.tex line 10: Wrong length of dash may have been used.
$|v-\E_Dq(x,h(x))|\le\tau$ \citep{Kearns98}. An oracle policy may choose its answers using the entire public query-answer history, including earlier queries that reveal previous random choices and the current query. This is the strongest nonanticipating adaptive-policy reading of the source\textquotesingle s arbitrary valid responses; the policy is not given unrevealed future private coins. A randomized learner must satisfy  
                                                                                                                  ^
Warning 8 in sections/02_preliminaries.tex line 10: Wrong length of dash may have been used.
$|v-\E_Dq(x,h(x))|\le\tau$ \citep{Kearns98}. An oracle policy may choose its answers using the entire public query-answer history, including earlier queries that reveal previous random choices and the current query. This is the strongest nonanticipating adaptive-policy reading of the source\textquotesingle s arbitrary valid responses; the policy is not given unrevealed future private coins. A randomized learner must satisfy  
                                                                                                                                                                                                                                                                      ^
Warning 1 in sections/02_preliminaries.tex line 10: Command terminated with space.
$|v-\E_Dq(x,h(x))|\le\tau$ \citep{Kearns98}. An oracle policy may choose its answers using the entire public query-answer history, including earlier queries that reveal previous random choices and the current query. This is the strongest nonanticipating adaptive-policy reading of the source\textquotesingle s arbitrary valid responses; the policy is not given unrevealed future private coins. A randomized learner must satisfy  
                                                                                                                                                                                                                                                                                                                   ^
Warning 1 in sections/02_preliminaries.tex line 12: Command terminated with space.
 \forall D\ \forall h\in H\ \forall\text{ valid adaptive oracle policies }O,  
        ^
Warning 1 in sections/02_preliminaries.tex line 12: Command terminated with space.
 \forall D\ \forall h\in H\ \forall\text{ valid adaptive oracle policies }O,  
                   ^
Warning 1 in sections/02_preliminaries.tex line 12: Command terminated with space.
 \forall D\ \forall h\in H\ \forall\text{ valid adaptive oracle policies }O,  
                        ^
Warning 1 in sections/02_preliminaries.tex line 13: Command terminated with space.
 \qquad\E_\omega L_{D,h}(A^O_\omega)\le\epsilon.  
                ^
Warning 36 in sections/02_preliminaries.tex line 13: You should put a space in front of parenthesis.
 \qquad\E_\omega L_{D,h}(A^O_\omega)\le\epsilon.  
                        ^
Warning 8 in sections/02_preliminaries.tex line 15: Wrong length of dash may have been used.
The expectation is over the learner's private randomness only. A deterministic learner is a real-response decision tree of depth at most $m$; a randomized learner is a distribution over such trees. Early stopping can be padded by zero queries. For our finite-state algorithms, all output losses and events are measurable. Randomized oracle policies can be handled by conditioning on their randomness. For computational statements, the oracle returns a finite binary encoding at the stated precision; reserving half the tolerance for rounding gives this interface from a finer-precision answer. Query-complexity statements permit arbitrary real responses and charge no answer-reading cost.  
                                                                                                ^
Warning 8 in sections/02_preliminaries.tex line 15: Wrong length of dash may have been used.
The expectation is over the learner's private randomness only. A deterministic learner is a real-response decision tree of depth at most $m$; a randomized learner is a distribution over such trees. Early stopping can be padded by zero queries. For our finite-state algorithms, all output losses and events are measurable. Randomized oracle policies can be handled by conditioning on their randomness. For computational statements, the oracle returns a finite binary encoding at the stated precision; reserving half the tolerance for rounding gives this interface from a finer-precision answer. Query-complexity statements permit arbitrary real responses and charge no answer-reading cost.  
                                                                                                                                                                                                                                                                  ^
Warning 8 in sections/02_preliminaries.tex line 15: Wrong length of dash may have been used.
The expectation is over the learner's private randomness only. A deterministic learner is a real-response decision tree of depth at most $m$; a randomized learner is a distribution over such trees. Early stopping can be padded by zero queries. For our finite-state algorithms, all output losses and events are measurable. Randomized oracle policies can be handled by conditioning on their randomness. For computational statements, the oracle returns a finite binary encoding at the stated precision; reserving half the tolerance for rounding gives this interface from a finer-precision answer. Query-complexity statements permit arbitrary real responses and charge no answer-reading cost.  
                                                                                                                                                                                                                                                                                                                                                                                                                                                                                                                                                                                               ^
Warning 8 in sections/02_preliminaries.tex line 15: Wrong length of dash may have been used.
The expectation is over the learner's private randomness only. A deterministic learner is a real-response decision tree of depth at most $m$; a randomized learner is a distribution over such trees. Early stopping can be padded by zero queries. For our finite-state algorithms, all output losses and events are measurable. Randomized oracle policies can be handled by conditioning on their randomness. For computational statements, the oracle returns a finite binary encoding at the stated precision; reserving half the tolerance for rounding gives this interface from a finer-precision answer. Query-complexity statements permit arbitrary real responses and charge no answer-reading cost.  
                                                                                                                                                                                                                                                                                                                                                                                                                                                                                                                                                                                                                       ^
Warning 8 in sections/02_preliminaries.tex line 15: Wrong length of dash may have been used.
The expectation is over the learner's private randomness only. A deterministic learner is a real-response decision tree of depth at most $m$; a randomized learner is a distribution over such trees. Early stopping can be padded by zero queries. For our finite-state algorithms, all output losses and events are measurable. Randomized oracle policies can be handled by conditioning on their randomness. For computational statements, the oracle returns a finite binary encoding at the stated precision; reserving half the tolerance for rounding gives this interface from a finer-precision answer. Query-complexity statements permit arbitrary real responses and charge no answer-reading cost.  
                                                                                                                                                                                                                                                                                                                                                                                                                                                                                                                                                                                                                                                                                                  ^
Warning 1 in sections/02_preliminaries.tex line 19: Command terminated with space.
 \forall h\in H\ \exists w_h\in\R^d\ \forall x\in X,  
        ^
Warning 1 in sections/02_preliminaries.tex line 19: Command terminated with space.
 \forall h\in H\ \exists w_h\in\R^d\ \forall x\in X,  
             ^
Warning 1 in sections/02_preliminaries.tex line 19: Command terminated with space.
 \forall h\in H\ \exists w_h\in\R^d\ \forall x\in X,  
                        ^
Warning 1 in sections/02_preliminaries.tex line 19: Command terminated with space.
 \forall h\in H\ \exists w_h\in\R^d\ \forall x\in X,  
                                            ^
Warning 1 in sections/02_preliminaries.tex line 19: Command terminated with space.
 \forall h\in H\ \exists w_h\in\R^d\ \forall x\in X,  
                                                 ^
Warning 1 in sections/02_preliminaries.tex line 20: Command terminated with space.
 \qquad h(x)\langle w_h,\phi(x)\rangle>0.  
       ^
Warning 36 in sections/02_preliminaries.tex line 20: You should put a space in front of parenthesis.
 \qquad h(x)\langle w_h,\phi(x)\rangle>0.  
         ^
Warning 1 in sections/02_preliminaries.tex line 20: Command terminated with space.
 \qquad h(x)\langle w_h,\phi(x)\rangle>0.  
                   ^
Warning 8 in sections/02_preliminaries.tex line 22: Wrong length of dash may have been used.
A rank factorization of the truth table is exactly such a representation, so $\dc(H)$ equals its sign-rank. The minimum exists because the coordinate embedding $x\mapsto e_x$ works. Allowing a fixed tie rule changes the ordinary dimension by at most one, by \cref{lem:ties}, so the asymptotic separations cover that convention as well.  
                                                                                                     ^
Warning 8 in sections/02_preliminaries.tex line 25: Wrong length of dash may have been used.
\begin{equation}\label{eq:prob-definition}  
                              ^
Warning 1 in sections/02_preliminaries.tex line 26: Command terminated with space.
 \forall D,h,\quad  
        ^
Warning 1 in sections/02_preliminaries.tex line 26: Command terminated with space.
 \forall D,h,\quad  
                  ^
Warning 1 in sections/02_preliminaries.tex line 27: Command terminated with space.
 \Pr_\phi\!\left[\exists w:\ L_{D,h}(\sign\langle w,\phi\rangle)=0\right]\ge1-\delta.  
                        ^
Warning 36 in sections/02_preliminaries.tex line 27: You should put a space in front of parenthesis.
 \Pr_\phi\!\left[\exists w:\ L_{D,h}(\sign\langle w,\phi\rangle)=0\right]\ge1-\delta.  
                                    ^
Warning 1 in sections/02_preliminaries.tex line 27: Command terminated with space.
 \Pr_\phi\!\left[\exists w:\ L_{D,h}(\sign\langle w,\phi\rangle)=0\right]\ge1-\delta.  
                                                 ^
Warning 8 in sections/02_preliminaries.tex line 30: Wrong length of dash may have been used.
\begin{equation}\label{eq:approx-definition}  
                                ^
Warning 1 in sections/02_preliminaries.tex line 31: Command terminated with space.
 \forall D,h,\quad  
        ^
Warning 1 in sections/02_preliminaries.tex line 31: Command terminated with space.
 \forall D,h,\quad  
                  ^
Warning 36 in sections/02_preliminaries.tex line 32: You should put a space in front of parenthesis.
 \E_\phi\inf_w L_{D,h}(\sign\langle w,\phi\rangle)\le\eta.  
                      ^
Warning 1 in sections/02_preliminaries.tex line 32: Command terminated with space.
 \E_\phi\inf_w L_{D,h}(\sign\langle w,\phi\rangle)\le\eta.  
                                   ^
Warning 8 in sections/02_preliminaries.tex line 37: Wrong length of dash may have been used.
The raw-score formulas in \citet[Section~4]{FKS26}, read together with their strictly negative-product loss, assign zero loss to $w=0$ for every class. In particular, $\Pr[h(x)\langle w,\phi(x)\rangle<0]=0$ when $w=0$. That formula therefore gives a vacuous probabilistic dimension unless the prediction or tie rule is specified. Equations \eqref{eq:prob-definition}--\eqref{eq:approx-definition} use Boolean predictions. \Cref{lem:ties} establishes the same asymptotic lower bounds for the opposite tie rule and for a convention counting zero scores as errors. These are the nondegenerate probabilistic formulations refuted here.  
       ^
Warning 8 in sections/02_preliminaries.tex line 37: Wrong length of dash may have been used.
The raw-score formulas in \citet[Section~4]{FKS26}, read together with their strictly negative-product loss, assign zero loss to $w=0$ for every class. In particular, $\Pr[h(x)\langle w,\phi(x)\rangle<0]=0$ when $w=0$. That formula therefore gives a vacuous probabilistic dimension unless the prediction or tie rule is specified. Equations \eqref{eq:prob-definition}--\eqref{eq:approx-definition} use Boolean predictions. \Cref{lem:ties} establishes the same asymptotic lower bounds for the opposite tie rule and for a convention counting zero scores as errors. These are the nondegenerate probabilistic formulations refuted here.  
                                                                                              ^
Warning 8 in sections/02_preliminaries.tex line 37: Wrong length of dash may have been used.
The raw-score formulas in \citet[Section~4]{FKS26}, read together with their strictly negative-product loss, assign zero loss to $w=0$ for every class. In particular, $\Pr[h(x)\langle w,\phi(x)\rangle<0]=0$ when $w=0$. That formula therefore gives a vacuous probabilistic dimension unless the prediction or tie rule is specified. Equations \eqref{eq:prob-definition}--\eqref{eq:approx-definition} use Boolean predictions. \Cref{lem:ties} establishes the same asymptotic lower bounds for the opposite tie rule and for a convention counting zero scores as errors. These are the nondegenerate probabilistic formulations refuted here.  
                                                                                                                                                                                                                                                                                                                                                                  ^
Warning 8 in sections/02_preliminaries.tex line 37: Wrong length of dash may have been used.
The raw-score formulas in \citet[Section~4]{FKS26}, read together with their strictly negative-product loss, assign zero loss to $w=0$ for every class. In particular, $\Pr[h(x)\langle w,\phi(x)\rangle<0]=0$ when $w=0$. That formula therefore gives a vacuous probabilistic dimension unless the prediction or tie rule is specified. Equations \eqref{eq:prob-definition}--\eqref{eq:approx-definition} use Boolean predictions. \Cref{lem:ties} establishes the same asymptotic lower bounds for the opposite tie rule and for a convention counting zero scores as errors. These are the nondegenerate probabilistic formulations refuted here.  
                                                                                                                                                                                                                                                                                                                                                                                                ^
Warning 8 in sections/02_preliminaries.tex line 40: Wrong length of dash may have been used.
\begin{equation}\label{eq:rect-definition}  
                              ^
Warning 1 in sections/02_preliminaries.tex line 42: Command terminated with space.
 \max_{S\times T\text{ monochromatic}}\mu(S)\nu(T).  
              ^
Warning 1 in sections/02_preliminaries.tex line 47: Command terminated with space.
\centering\small  
                ^
Warning 1 in sections/02_preliminaries.tex line 49: Command terminated with space.
\toprule  
        ^
Warning 1 in sections/02_preliminaries.tex line 50: Command terminated with space.
Symbol & Meaning\\\midrule  
                          ^
Warning 1 in sections/02_preliminaries.tex line 59: Command terminated with space.
\bottomrule  
           ^
Warning 8 in sections/02_preliminaries.tex line 61: Wrong length of dash may have been used.
\caption{Notation. The round-budget symbol $R$ in \cref{lem:params} is local to RECTIFY and is separate from the spectral ratio.}\label{tab:notation}  
                            ^
Warning 8 in sections/02_preliminaries.tex line 64: Wrong length of dash may have been used.
\begin{lemma}[Finite minimax and pointwise coverage]\label{lem:finite-minimax}  
                                                                     ^
Warning 3 in sections/02_preliminaries.tex line 71: You should enclose the previous parenthesis with `{}'.
The result also applies when an arbitrary instance set induces only finitely many payoff vectors $(g_a(z))_{a\in\mathcal A}$.  
                                                                                                         ^
Warning 8 in sections/02_preliminaries.tex line 74: Wrong length of dash may have been used.
The reverse implication follows by averaging. For the forward direction, let $C=\operatorname{conv}\{g_a:a\in\mathcal A\}$ and $Q=r\1+\R_{\ge0}^Z$. If disjoint, their minimum distance is positive and attained: $C$ is compact, and a bounded-distance minimizing sequence has bounded $Q$-components. Let $(c,z)$ attain it and put $v=z-c\ne0$. Differentiation along feasible segments gives  
                                                                                                                                                                                                                                               ^
Warning 25 in sections/02_preliminaries.tex line 83: You might wish to put this between a pair of `{}'
 =\min_{z'\in Q}\langle v,z'\rangle=r\sum_xv_x.  
                                          ^^
Warning 8 in sections/02_preliminaries.tex line 88: Wrong length of dash may have been used.
\begin{lemma}[From uniform rectangles to product weights]\label{lem:product-weights}  
                                                                           ^
Warning 8 in sections/02_preliminaries.tex line 92: Wrong length of dash may have been used.
For strictly positive rational weights, repeat rows and columns according to common-denominator multiplicities. Projecting a monochromatic rectangle back to the original indices preserves its signs and can only increase its weighted side masses. For arbitrary weights, approximate by strictly positive rational distributions. The largest rectangle mass is the maximum of finitely many continuous products of linear functions of the weights, hence is continuous. Passing to the limit gives the assertion.  
                                                                                   ^
Warning 1 in sections/02_preliminaries.tex line 98: Command terminated with space.
\noindent The proof, including the attained-infimum and zero-incidence cases, appears in \cref{app:oracle}.  
         ^
Warning 8 in sections/02_preliminaries.tex line 98: Wrong length of dash may have been used.
\noindent The proof, including the attained-infimum and zero-incidence cases, appears in \cref{app:oracle}.  
                                           ^
Warning 8 in sections/02_preliminaries.tex line 98: Wrong length of dash may have been used.
\noindent The proof, including the attained-infimum and zero-incidence cases, appears in \cref{app:oracle}.  
                                                            ^
Warning 8 in sections/03_rectangle.tex line 3: Wrong length of dash may have been used.
\begin{theorem}[Distribution-independent rectangle learner]\label{thm:main}  
                            ^
Warning 8 in sections/03_rectangle.tex line 9: Wrong length of dash may have been used.
Query count is a worst-case bound. The learner is explicit from the truth table and a valid lower bound on $\rect(H)$; the general implementation may solve exponential-size linear programs.  
                      ^
Warning 8 in sections/03_rectangle.tex line 9: Wrong length of dash may have been used.
Query count is a worst-case bound. The learner is explicit from the truth table and a valid lower bound on $\rect(H)$; the general implementation may solve exponential-size linear programs.  
                                                                                                                                                                       ^
Warning 36 in sections/03_rectangle.tex line 16: You should put a space in front of parenthesis.
 r&=1/\rho,&P&=1+\lceil4\rho\ln(8/\epsilon)\rceil,&\tau&=\epsilon/(24P),\label{eq:params1}\\  
                                                                  ^
Warning 1 in sections/03_rectangle.tex line 17: Command terminated with space.
 B&=\ln K+\ln(8/\epsilon)+1,&R&=\lceil8\rho(B+\ln(2/\epsilon))\rceil,&m&=3R+1.\label{eq:params2}  
       ^
Warning 8 in sections/03_rectangle.tex line 23: Wrong length of dash may have been used.
\begin{lemma}[A marginal-free rectangle mixture]\label{lem:mixture}  
                        ^
Warning 1 in sections/03_rectangle.tex line 26: Command terminated with space.
 \forall x\in U,\qquad  
        ^
Warning 1 in sections/03_rectangle.tex line 26: Command terminated with space.
 \forall x\in U,\qquad  
             ^
Warning 1 in sections/03_rectangle.tex line 26: Command terminated with space.
 \forall x\in U,\qquad  
                      ^
Warning 36 in sections/03_rectangle.tex line 27: You should put a space in front of parenthesis.
 \E_{R\sim\lambda}\bigl[\1_{S_R}(x)\nu(T_R)\bigr]\ge r.  
                                ^
Warning 1 in sections/03_rectangle.tex line 27: Command terminated with space.
 \E_{R\sim\lambda}\bigl[\1_{S_R}(x)\nu(T_R)\bigr]\ge r.  
                                                    ^
Warning 8 in sections/03_rectangle.tex line 35: Wrong length of dash may have been used.
Apply \cref{lem:finite-minimax}. The resulting feasibility problem has rational coefficients when $\nu,r$ are rational, so it admits a rational solution. No information about $D$ enters this computation.  
                      ^
Warning 13 in sections/03_rectangle.tex line 39: Intersentence spacing (`\@') should perhaps be used.
\caption{RECTIFY: rectangle peeling and elimination}\label{alg:rectify}  
                ^
Warning 1 in sections/03_rectangle.tex line 43: Command terminated with space.
  \If{$U=\varnothing$}{\Return the partial predictor\;}  
                              ^
Warning 1 in sections/03_rectangle.tex line 45: Command terminated with space.
  \If{$\widehat u\le\epsilon/4$}{\Return the partial predictor, extended by $+1$ on $U$\;}  
                                        ^
Warning 1 in sections/03_rectangle.tex line 53: Command terminated with space.
\Return the partial predictor, extended by $+1$ on $U$\;  
       ^
Warning 1 in figures/rectify_round.tex line 2: Command terminated with space.
\centering  
          ^
Warning 1 in figures/rectify_round.tex line 5: Command terminated with space.
 \draw (0,0) rectangle (3.4,2.8);  
      ^
Warning 1 in figures/rectify_round.tex line 8: Command terminated with space.
 \node at (1.52,1.12) {$S\times T$};  
      ^
Warning 36 in figures/rectify_round.tex line 10: You should put a space in front of parenthesis.
 \draw[decorate,decoration={brace,mirror}] (-.12,.65)--(-.12,1.6);  
                                                       ^
Warning 36 in figures/rectify_round.tex line 12: You should put a space in front of parenthesis.
 \draw[decorate,decoration={brace,mirror}] (.9,-.15)--(2.15,-.15);  
                                                      ^
Warning 36 in figures/rectify_round.tex line 15: You should put a space in front of parenthesis.
\draw[->,thick] (3.65,1.9)--node[above,sloped,font=\scriptsize]{small mismatch}(5.0,2.7);  
                                                                               ^
Warning 36 in figures/rectify_round.tex line 16: You should put a space in front of parenthesis.
\draw[->,thick] (3.65,.8)--node[below,sloped,font=\scriptsize]{witnessed mismatch}(5.0,-.05);  
                                                                                  ^
Warning 1 in figures/rectify_round.tex line 18: Command terminated with space.
 \fill[black!9] (0,.65) rectangle (3.4,1.6);\draw (0,0) rectangle (3.4,2.8);  
                                                 ^
Warning 36 in figures/rectify_round.tex line 19: You should put a space in front of parenthesis.
 \draw[dashed,oiBlue] (0,.65)--(3.4,.65) (0,1.6)--(3.4,1.6);  
                               ^
Warning 36 in figures/rectify_round.tex line 19: You should put a space in front of parenthesis.
 \draw[dashed,oiBlue] (0,.65)--(3.4,.65) (0,1.6)--(3.4,1.6);  
                                                  ^
Warning 1 in figures/rectify_round.tex line 20: Command terminated with space.
 \node at (1.7,1.1) {remove $S$};  
      ^
Warning 1 in figures/rectify_round.tex line 25: Command terminated with space.
 \fill[black!9] (.9,0) rectangle (2.15,2.8);\draw (0,0) rectangle (3.4,2.8);  
                                                 ^
Warning 36 in figures/rectify_round.tex line 26: You should put a space in front of parenthesis.
 \draw[dashed,oiOrange] (.9,0)--(.9,2.8) (2.15,0)--(2.15,2.8);  
                                ^
Warning 36 in figures/rectify_round.tex line 26: You should put a space in front of parenthesis.
 \draw[dashed,oiOrange] (.9,0)--(.9,2.8) (2.15,0)--(2.15,2.8);  
                                                   ^
Warning 8 in sections/03_rectangle.tex line 65: Wrong length of dash may have been used.
\begin{equation}\label{eq:tau-small}  
                             ^
Warning 1 in sections/03_rectangle.tex line 66: Command terminated with space.
 \tau\le\epsilon/8,\qquad \tau\le r\epsilon/64.  
                         ^
Warning 1 in sections/03_rectangle.tex line 66: Command terminated with space.
 \tau\le\epsilon/8,\qquad \tau\le r\epsilon/64.  
                                 ^
Warning 8 in sections/03_rectangle.tex line 85: Wrong length of dash may have been used.
\begin{equation}\label{eq:elim-budget}  
                              ^
Warning 1 in sections/03_rectangle.tex line 86: Command terminated with space.
 \sum_{\text{eliminations}} b\le\ln K.  
                                   ^
Warning 3 in sections/03_rectangle.tex line 92: You should enclose the previous parenthesis with `{}'.
 \epsilon/8\le(1-r/4)^{j-1}\le e^{-(j-1)r/4}.  
                    ^
Warning 8 in sections/03_rectangle.tex line 94: Wrong length of dash may have been used.
Hence there are at most $P$ peels. Their combined wrong-color mass is at most $3P\tau=\epsilon/8$, since a peeling answer implies $w\le3\tau$. At a normal stop the residual mass is at most $\epsilon/4+\tau$, or zero. The error at such a stop is at most $\epsilon/2$.  
                                                       ^
Warning 1 in sections/03_rectangle.tex line 99: Command terminated with space.
 \ge \E[ab]-\E[ab\1_{a<3r/4}]  
    ^
Warning 1 in sections/03_rectangle.tex line 100: Command terminated with space.
 \ge r-(3r/4)\E b\ge r/4.  
    ^
Warning 36 in sections/03_rectangle.tex line 100: You should put a space in front of parenthesis.
 \ge r-(3r/4)\E b\ge r/4.  
       ^
Warning 1 in sections/03_rectangle.tex line 100: Command terminated with space.
 \ge r-(3r/4)\E b\ge r/4.  
                    ^
Warning 8 in sections/03_rectangle.tex line 102: Wrong length of dash may have been used.
This holds for either oracle-induced action on every accepted rectangle. The oracle policy was fixed at the start of the proof and may react to each query; no supremum over policies is moved inside an expectation.  
                            ^
Warning 8 in sections/03_rectangle.tex line 104: Wrong length of dash may have been used.
On any trajectory of nonstopping rounds, the sum of all peeling $a$ values except the last is at most the logarithm of the reciprocal residual mass immediately before the last peel. Indeed $a\le-\ln(1-a)$ and the residual ratios telescope. This sum is at most $\ln(8/\epsilon)$; the last $a$ is at most one. If there are no peels the sum is zero. Together with \eqref{eq:elim-budget}, this proves  
                                                                                                                                                                                                                                                                                                                                                                                       ^
Warning 8 in sections/03_rectangle.tex line 105: Wrong length of dash may have been used.
\begin{equation}\label{eq:total-budget}  
                               ^
Warning 1 in sections/03_rectangle.tex line 106: Command terminated with space.
 \sum G\le B.  
     ^
Warning 1 in sections/03_rectangle.tex line 106: Command terminated with space.
 \sum G\le B.  
          ^
Warning 25 in sections/03_rectangle.tex line 118: You might wish to put this between a pair of `{}'
Induction gives $\E e^{-\sum_{t=1}^RG_t}\le e^{-pR/2}$. On the event of no normal termination by the budget, \eqref{eq:total-budget} holds. Markov's inequality therefore gives  
                                   ^^
Warning 8 in sections/03_rectangle.tex line 118: Wrong length of dash may have been used.
Induction gives $\E e^{-\sum_{t=1}^RG_t}\le e^{-pR/2}$. On the event of no normal termination by the budget, \eqref{eq:total-budget} holds. Markov's inequality therefore gives  
                                                                                                                            ^
Warning 8 in sections/03_rectangle.tex line 123: Wrong length of dash may have been used.
A point that becomes empty after the final peel already has the normal-stop error bound; counting it as budget termination only weakens this estimate. Finally, error is always at most one, so expected error is at most $\epsilon/2+\epsilon/2=\epsilon$. There are at most three queries per round and at most one extra stopping check. The big-$O$ and $\Omega$ bounds follow directly from the ceilings and $\rho\ge1$, $\epsilon<1/4$.  
                                                                      ^
Warning 8 in sections/03_rectangle.tex line 126: Wrong length of dash may have been used.
\paragraph{Domain-size consequence of Theorem~\ref{thm:main}.}  
                 ^
Warning 3 in sections/03_rectangle.tex line 133: You should enclose the previous parenthesis with `{}'.
 t^v\sum_{i=0}^v\binom Qi\le(1+t)^Q\le e^v,  
                                ^
Warning 8 in sections/03_rectangle.tex line 136: Wrong length of dash may have been used.
Consequently the same learner, with no statistical-dimension conversion, has  
                                                  ^
Warning 1 in figures/template_flip.tex line 2: Command terminated with space.
\centering  
          ^
Warning 36 in figures/template_flip.tex line 67: You should put a space in front of parenthesis.
\draw[oiOrange,very thick] (10.22,15.22)--(10.78,15.78);\draw[oiOrange,very thick] (10.22,15.78)--(10.78,15.22);  
                                          ^
Warning 36 in figures/template_flip.tex line 67: You should put a space in front of parenthesis.
\draw[oiOrange,very thick] (10.22,15.22)--(10.78,15.78);\draw[oiOrange,very thick] (10.22,15.78)--(10.78,15.22);  
                                                                                                  ^
Warning 36 in figures/template_flip.tex line 70: You should put a space in front of parenthesis.
\draw[oiOrange,very thick] (3.22,13.22)--(3.7800000000000002,13.78);\draw[oiOrange,very thick] (3.22,13.78)--(3.7800000000000002,13.22);  
                                         ^
Warning 36 in figures/template_flip.tex line 70: You should put a space in front of parenthesis.
\draw[oiOrange,very thick] (3.22,13.22)--(3.7800000000000002,13.78);\draw[oiOrange,very thick] (3.22,13.78)--(3.7800000000000002,13.22);  
                                                                                                             ^
Warning 36 in figures/template_flip.tex line 71: You should put a space in front of parenthesis.
\draw[oiOrange,very thick] (12.22,13.22)--(12.78,13.78);\draw[oiOrange,very thick] (12.22,13.78)--(12.78,13.22);  
                                          ^
Warning 36 in figures/template_flip.tex line 71: You should put a space in front of parenthesis.
\draw[oiOrange,very thick] (12.22,13.22)--(12.78,13.78);\draw[oiOrange,very thick] (12.22,13.78)--(12.78,13.22);  
                                                                                                  ^
Warning 36 in figures/template_flip.tex line 72: You should put a space in front of parenthesis.
\draw[oiOrange,very thick] (4.22,12.22)--(4.78,12.78);\draw[oiOrange,very thick] (4.22,12.78)--(4.78,12.22);  
                                         ^
Warning 36 in figures/template_flip.tex line 72: You should put a space in front of parenthesis.
\draw[oiOrange,very thick] (4.22,12.22)--(4.78,12.78);\draw[oiOrange,very thick] (4.22,12.78)--(4.78,12.22);  
                                                                                               ^
Warning 36 in figures/template_flip.tex line 78: You should put a space in front of parenthesis.
\draw[oiOrange,very thick] (7.22,9.22)--(7.78,9.78);\draw[oiOrange,very thick] (7.22,9.78)--(7.78,9.22);  
                                        ^
Warning 36 in figures/template_flip.tex line 78: You should put a space in front of parenthesis.
\draw[oiOrange,very thick] (7.22,9.22)--(7.78,9.78);\draw[oiOrange,very thick] (7.22,9.78)--(7.78,9.22);  
                                                                                            ^
Warning 36 in figures/template_flip.tex line 79: You should put a space in front of parenthesis.
\draw[oiOrange,very thick] (2.22,7.22)--(2.7800000000000002,7.78);\draw[oiOrange,very thick] (2.22,7.78)--(2.7800000000000002,7.22);  
                                        ^
Warning 36 in figures/template_flip.tex line 79: You should put a space in front of parenthesis.
\draw[oiOrange,very thick] (2.22,7.22)--(2.7800000000000002,7.78);\draw[oiOrange,very thick] (2.22,7.78)--(2.7800000000000002,7.22);  
                                                                                                          ^
Warning 36 in figures/template_flip.tex line 81: You should put a space in front of parenthesis.
\draw[oiOrange,very thick] (3.22,6.22)--(3.7800000000000002,6.78);\draw[oiOrange,very thick] (3.22,6.78)--(3.7800000000000002,6.22);  
                                        ^
Warning 36 in figures/template_flip.tex line 81: You should put a space in front of parenthesis.
\draw[oiOrange,very thick] (3.22,6.22)--(3.7800000000000002,6.78);\draw[oiOrange,very thick] (3.22,6.78)--(3.7800000000000002,6.22);  
                                                                                                          ^
Warning 36 in figures/template_flip.tex line 82: You should put a space in front of parenthesis.
\draw[oiOrange,very thick] (13.22,6.22)--(13.78,6.78);\draw[oiOrange,very thick] (13.22,6.78)--(13.78,6.22);  
                                         ^
Warning 36 in figures/template_flip.tex line 82: You should put a space in front of parenthesis.
\draw[oiOrange,very thick] (13.22,6.22)--(13.78,6.78);\draw[oiOrange,very thick] (13.22,6.78)--(13.78,6.22);  
                                                                                               ^
Warning 36 in figures/template_flip.tex line 84: You should put a space in front of parenthesis.
\draw[oiOrange,very thick] (14.22,5.22)--(14.78,5.78);\draw[oiOrange,very thick] (14.22,5.78)--(14.78,5.22);  
                                         ^
Warning 36 in figures/template_flip.tex line 84: You should put a space in front of parenthesis.
\draw[oiOrange,very thick] (14.22,5.22)--(14.78,5.78);\draw[oiOrange,very thick] (14.22,5.78)--(14.78,5.22);  
                                                                                               ^
Warning 36 in figures/template_flip.tex line 87: You should put a space in front of parenthesis.
\draw[oiOrange,very thick] (6.22,3.22)--(6.78,3.7800000000000002);\draw[oiOrange,very thick] (6.22,3.7800000000000002)--(6.78,3.22);  
                                        ^
Warning 36 in figures/template_flip.tex line 87: You should put a space in front of parenthesis.
\draw[oiOrange,very thick] (6.22,3.22)--(6.78,3.7800000000000002);\draw[oiOrange,very thick] (6.22,3.7800000000000002)--(6.78,3.22);  
                                                                                                                        ^
Warning 36 in figures/template_flip.tex line 88: You should put a space in front of parenthesis.
\draw[oiOrange,very thick] (7.22,2.22)--(7.78,2.7800000000000002);\draw[oiOrange,very thick] (7.22,2.7800000000000002)--(7.78,2.22);  
                                        ^
Warning 36 in figures/template_flip.tex line 88: You should put a space in front of parenthesis.
\draw[oiOrange,very thick] (7.22,2.22)--(7.78,2.7800000000000002);\draw[oiOrange,very thick] (7.22,2.7800000000000002)--(7.78,2.22);  
                                                                                                                        ^
Warning 36 in sections/04_family.tex line 10: You should put a space in front of parenthesis.
 I=2N^4-\left(\frac{N(N+1)}2\right)^2\ge N^4  
                     ^
Warning 1 in sections/04_family.tex line 10: Command terminated with space.
 I=2N^4-\left(\frac{N(N+1)}2\right)^2\ge N^4  
                                        ^
Warning 8 in sections/04_family.tex line 16: Wrong length of dash may have been used.
Every member also satisfies $\dc(H_A)\le2N+1$. In particular most matrices have $\dc(H_A)=\Omega(N/\log M)$. For every $0<\epsilon<1/4$, all members have a learner with $m=O_\epsilon(\log M)$ and $\tau=\Omega_\epsilon(1)$, by \cref{thm:main} with $\rho=2^{15}$. Independently of the sharp rectangle input, the self-contained cap proof in Appendix~\ref{app:oldgeometry} supplies $\rho=2^{18}$ and the same asymptotic learning bound.  
                                                                                                                                                                                                                                                                                                                          ^
Warning 3 in sections/04_family.tex line 22: You should enclose the previous parenthesis with `{}'.
 =(ax+b-y)^2-1/2.  
         ^
Warning 8 in sections/04_family.tex line 24: Wrong length of dash may have been used.
Positive template rectangles survive every flip. A negative template rectangle has a singleton side, so partitioning the other side by its new labels loses at most half its mass. Independent flips then supply $I$ free signs, to which Warren's counting theorem applies. Appendix~\ref{app:family-proof} gives the complete proof. Exactly $N(N+1)/2$ template rows have no incidences; all remain positive.  
                                                                                                                                                                                                                                                                                                     ^
Warning 8 in sections/04_family.tex line 27: Wrong length of dash may have been used.
The restriction in \eqref{eq:structural} cannot be omitted. Every sign matrix is a monotone flip of the all-negative, rank-one matrix. More quantitatively, let $W$ be a $k\times k$ Walsh matrix, $k$ a power of two. Its orthogonality gives $\|W\|_\op=\sqrt k$. A monochromatic rectangle of side sizes $a,b$ satisfies  
                                                                                                           ^
Warning 8 in sections/04_family.tex line 27: Wrong length of dash may have been used.
The restriction in \eqref{eq:structural} cannot be omitted. Every sign matrix is a monotone flip of the all-negative, rank-one matrix. More quantitatively, let $W$ be a $k\times k$ Walsh matrix, $k$ a power of two. Its orthogonality gives $\|W\|_\op=\sqrt k$. A monochromatic rectangle of side sizes $a,b$ satisfies  
                                                                                                                          ^
Warning 25 in sections/04_family.tex line 29: You might wish to put this between a pair of `{}'
 ab=|\1_S^TW\1_T|\le\sqrt{k}\sqrt{ab},  
          ^^
Warning 8 in sections/04_family.tex line 43: Wrong length of dash may have been used.
with $0\log 0=0$. For the random incidence-flip matrix,  
                                          ^
Warning 8 in sections/04_family.tex line 44: Wrong length of dash may have been used.
\begin{equation}\label{eq:approx-prob}  
                                ^
Warning 1 in sections/04_family.tex line 45: Command terminated with space.
 \Pr[\dc^\eta(H_A)<s_\eta]\le2^{-c_\eta I/2}.  
                                       ^
Warning 8 in sections/04_family.tex line 59: Wrong length of dash may have been used.
With $\sign(0)=+1$, this prediction matrix has strict sign-rank at most $d+1$, not necessarily at most $d$. Add the constant feature one. In each row add a strictly positive bias smaller than the absolute value of every negative score in that row, if there are negative scores. This retains all signs and turns every zero into a positive score. Finiteness makes the bias choice possible. Rows with no incidence may use any weight vector.  
                                                          ^
Warning 3 in sections/04_family.tex line 67: You should enclose the previous parenthesis with `{}'.
 1\ge\sum_{j\le\eta I}\binom Ij\eta^j(1-\eta)^{I-j}  
                                            ^
Warning 8 in sections/04_family.tex line 70: Wrong length of dash may have been used.
the second inequality uses $j\le\eta I$ and $\eta/(1-\eta)<1$. For $\eta=0$ the sum is one. Combining with \eqref{eq:warren}, the probability that any rank-at-most-$s_\eta$ sign matrix makes at most $\eta I$ incidence errors is at most  
                                                                                                                                                           ^
Warning 8 in sections/04_family.tex line 70: Wrong length of dash may have been used.
the second inequality uses $j\le\eta I$ and $\eta/(1-\eta)<1$. For $\eta=0$ the sum is one. Combining with \eqref{eq:warren}, the probability that any rank-at-most-$s_\eta$ sign matrix makes at most $\eta I$ incidence errors is at most  
                                                                                                                                                              ^
Warning 8 in sections/04_family.tex line 74: Wrong length of dash may have been used.
An embedding of dimension below $s_\eta$ would produce just such a strict sign matrix after adding the constant coordinate. If $s_\eta=0$, the event in question is empty. This proves \eqref{eq:approx-prob}.  
                                                                                                                                                                                                       ^
Warning 8 in sections/04_family.tex line 77: Wrong length of dash may have been used.
\begin{lemma}[From exact probabilistic to strict dimension]\label{lem:exact-prob}  
                                                                           ^
Warning 8 in sections/04_family.tex line 79: Wrong length of dash may have been used.
\begin{equation}\label{eq:exact-prob}  
                               ^
Warning 36 in sections/04_family.tex line 80: You should put a space in front of parenthesis.
 \dc(H)\le(\lceil\log_2K\rceil+1)\dc_{1/2}(H)+1.  
                                          ^
Warning 8 in sections/04_family.tex line 84: Wrong length of dash may have been used.
Choose a full-support distribution on $X$. Zero loss under this distribution means correct labels at every point. Draw $t=\lceil\log_2K\rceil+1$ independent embeddings from a law witnessing $\dc_{1/2}(H)=d$. Each fixed target fails in all $t$ embeddings with probability at most $2^{-t}$. A union bound gives probability at most $K2^{-t}<1$ that some target fails everywhere. Hence one collection works for all targets. Concatenate its $t$ embeddings; each row selects a successful block. Adding one constant coordinate as above makes the representation strict. This proves \eqref{eq:exact-prob}.   
             ^
Warning 8 in sections/04_family.tex line 84: Wrong length of dash may have been used.
Choose a full-support distribution on $X$. Zero loss under this distribution means correct labels at every point. Draw $t=\lceil\log_2K\rceil+1$ independent embeddings from a law witnessing $\dc_{1/2}(H)=d$. Each fixed target fails in all $t$ embeddings with probability at most $2^{-t}$. A union bound gives probability at most $K2^{-t}<1$ that some target fails everywhere. Hence one collection works for all targets. Concatenate its $t$ embeddings; each row selects a successful block. Adding one constant coordinate as above makes the representation strict. This proves \eqref{eq:exact-prob}.   
                                                                                                                                                                                                                                                                                                                                                                                                                                                                                                                                                                                                             ^
Warning 8 in sections/04_family.tex line 89: Wrong length of dash may have been used.
\begin{corollary}[Negative answers to the dimension implications]\label{cor:negative-answer}  
                                                                                    ^
Warning 8 in sections/04_family.tex line 94: Wrong length of dash may have been used.
The same three conclusions fail with $\dc^{C\epsilon}(H)$ on the left, under each nondegenerate tie convention of \cref{lem:ties}. The counterexamples have proper deterministic, table-polynomial learners with $m=O_\epsilon(\log M)$ and $\tau=\Omega_\epsilon(1)$.  
                                                                                                                                                                                       ^
Warning 8 in sections/04_family.tex line 97: Wrong length of dash may have been used.
Fix the required constant accuracies and intersect the high-probability events of \cref{thm:construction,thm:prob}. Their failure probability is at most $2^{-I/2}+2^{-(1-h_2(\eta))I/2}<1$ for all sufficiently large $N$. Thus one matrix satisfies the two lower bounds simultaneously. Apply \cref{lem:exact-prob} for exact probabilistic dimension, and \cref{thm:caps,thm:proper} for the proper deterministic learner. Since $M=N^3$ and $n=\log_2(2M)$, the dimension lower bounds grow exponentially in $n$, up to powers of $\log M$, whereas $m=O_\epsilon(n)$ and $1/\tau=O_\epsilon(1)$. No fixed polynomial in the proposed variables can dominate these lower bounds.  
                                                           ^
Warning 8 in sections/04_family.tex line 97: Wrong length of dash may have been used.
Fix the required constant accuracies and intersect the high-probability events of \cref{thm:construction,thm:prob}. Their failure probability is at most $2^{-I/2}+2^{-(1-h_2(\eta))I/2}<1$ for all sufficiently large $N$. Thus one matrix satisfies the two lower bounds simultaneously. Apply \cref{lem:exact-prob} for exact probabilistic dimension, and \cref{thm:caps,thm:proper} for the proper deterministic learner. Since $M=N^3$ and $n=\log_2(2M)$, the dimension lower bounds grow exponentially in $n$, up to powers of $\log M$, whereas $m=O_\epsilon(n)$ and $1/\tau=O_\epsilon(1)$. No fixed polynomial in the proposed variables can dominate these lower bounds.  
                                                                                                                                                                                                                                                                                                                ^
Warning 1 in figures/family_parameters.tex line 2: Command terminated with space.
\centering\small  
                ^
Warning 1 in figures/family_parameters.tex line 4: Command terminated with space.
\toprule  
        ^
Warning 1 in figures/family_parameters.tex line 5: Command terminated with space.
Resource & Incidence flips on $2M$ points, $M=N^3$\\\midrule  
                                                            ^
Warning 8 in figures/family_parameters.tex line 10: Wrong length of dash may have been used.
Table-known learners & $m=O_\epsilon(\log M)$, $\tau=\Omega_\epsilon(1)$; proper and deterministic; table-polynomial time.\\  
     ^
Warning 8 in figures/family_parameters.tex line 10: Wrong length of dash may have been used.
Table-known learners & $m=O_\epsilon(\log M)$, $\tau=\Omega_\epsilon(1)$; proper and deterministic; table-polynomial time.\\  
                                                                                                         ^
Warning 8 in figures/family_parameters.tex line 11: Wrong length of dash may have been used.
Key-known median learner & $m=O_\epsilon(n^2)$, $\tau=\Omega_\epsilon(1)$; deterministic improper for every key; proper for regular stars.\\  
   ^
Warning 1 in figures/family_parameters.tex line 14: Command terminated with space.
\bottomrule  
           ^
Warning 8 in figures/family_parameters.tex line 16: Wrong length of dash may have been used.
\caption{The separating family's parameters. The probabilistic lower bounds concern each prescribed fixed $\eta<1/2$ and hold with exponentially small failure probability. A polynomial-time evaluator with a supplied key is distinguished from deterministic selection of a good key.}\label{tab:family}  
                                                                                                                                                                                        ^
Warning 8 in sections/04_family.tex line 101: Wrong length of dash may have been used.
The strict-realization reduction in \cref{lem:ties} gives the same lower bounds under either fixed tie rule and when every zero score counts as an error. Thus \cref{cor:negative-answer} covers all three nondegenerate conventions.  
          ^
Warning 8 in sections/04_family.tex line 101: Wrong length of dash may have been used.
The strict-realization reduction in \cref{lem:ties} gives the same lower bounds under either fixed tie rule and when every zero score counts as an error. Thus \cref{cor:negative-answer} covers all three nondegenerate conventions.  
                                                                                                                                                                                 ^
Warning 8 in sections/05_learners.tex line 3: Wrong length of dash may have been used.
The linear program in Lemma~\ref{lem:mixture} has exponentially many possible rectangles. A fixed-dimensional template makes a different sampler available. Exact radial isotropy determines the geometric constant; a rational approximation and a finite direction net yield the finite-bit algorithm.  
                                                                                                 ^
Warning 8 in sections/05_learners.tex line 3: Wrong length of dash may have been used.
The linear program in Lemma~\ref{lem:mixture} has exponentially many possible rectangles. A fixed-dimensional template makes a different sampler available. Exact radial isotropy determines the geometric constant; a rational approximation and a finite direction net yield the finite-bit algorithm.  
                                                                                                                                                                                                                                                                                         ^
Warning 8 in sections/05_learners.tex line 6: Wrong length of dash may have been used.
\begin{theorem}[Pointwise cap mixture and table-polynomial implementation]\label{thm:caps}  
                                               ^
Warning 1 in sections/05_learners.tex line 9: Command terminated with space.
 \forall x\in U,\qquad \E[\1_S(x)\nu(T)]\ge\frac{c_d}{8d},  
        ^
Warning 1 in sections/05_learners.tex line 9: Command terminated with space.
 \forall x\in U,\qquad \E[\1_S(x)\nu(T)]\ge\frac{c_d}{8d},  
             ^
Warning 1 in sections/05_learners.tex line 9: Command terminated with space.
 \forall x\in U,\qquad \E[\1_S(x)\nu(T)]\ge\frac{c_d}{8d},  
                      ^
Warning 36 in sections/05_learners.tex line 9: You should put a space in front of parenthesis.
 \forall x\in U,\qquad \E[\1_S(x)\nu(T)]\ge\frac{c_d}{8d},  
                              ^
Warning 1 in sections/05_learners.tex line 10: Command terminated with space.
 \quad c_d=\Pr_{u\sim\mathrm{Unif}(S^{d-1})}  
      ^
Warning 36 in sections/05_learners.tex line 10: You should put a space in front of parenthesis.
 \quad c_d=\Pr_{u\sim\mathrm{Unif}(S^{d-1})}  
                                  ^
Warning 8 in sections/05_learners.tex line 11: Wrong length of dash may have been used.
 [u_1\ge\sqrt{1-1/(2d)}].  
               ^
Warning 36 in sections/05_learners.tex line 11: You should put a space in front of parenthesis.
 [u_1\ge\sqrt{1-1/(2d)}].  
                  ^
Warning 8 in sections/05_learners.tex line 13: Wrong length of dash may have been used.
Here $c_1=1/2$. Thus Theorem~\ref{thm:main} applies with $\rho=8d/c_d$ in the ideal real-arithmetic model.  
                                                                                        ^
Warning 8 in sections/05_learners.tex line 27: Wrong length of dash may have been used.
Use the fixed general-position perturbation and place $V$ in radial-isotropic position in effective dimension $j$\;  
                     ^
Warning 8 in sections/05_learners.tex line 27: Wrong length of dash may have been used.
Use the fixed general-position perturbation and place $V$ in radial-isotropic position in effective dimension $j$\;  
                                                                   ^
Warning 3 in sections/05_learners.tex line 28: You should enclose the previous parenthesis with `{}'.
Set $\alpha=(2j)^{-1/2}$, $\beta=\sqrt{1-\alpha^2}$; draw $u$ uniformly on $S^{j-1}$\;  
               ^
Warning 1 in sections/05_learners.tex line 31: Command terminated with space.
\If{the positive side is chosen}{\Return $(S,T^+,+1)$\;}  
                                        ^
Warning 8 in sections/05_learners.tex line 35: Wrong length of dash may have been used.
Isotropy forces a constant amount of row mass beyond the two thresholds $\pm\alpha$. The cap geometry in \cref{fig:cap} makes the selected product monochromatic in the template. A negative product has a singleton side, and random color splitting preserves half its expected coverage after flips. A rational transform and a finite direction net give the finite-bit implementation.  
                                                                                                                                                                                                                                                                                                                                                                       ^
Warning 1 in figures/cap_geometry.tex line 2: Command terminated with space.
\centering  
          ^
Warning 36 in figures/cap_geometry.tex line 7: You should put a space in front of parenthesis.
 \draw[->,black!50] (-2,0)--(2,0);  
                            ^
Warning 36 in figures/cap_geometry.tex line 8: You should put a space in front of parenthesis.
 \draw[->,very thick] (0,0)--(0,2.1) node[above] {$u$};  
                             ^
Warning 36 in figures/cap_geometry.tex line 9: You should put a space in front of parenthesis.
 \draw[dashed,oiBlue] (-.85,1.472)--(.85,1.472);  
                                    ^
Warning 36 in figures/cap_geometry.tex line 11: You should put a space in front of parenthesis.
 \draw[dashed,oiOrange] (-1.47,.85)--(1.47,.85);  
                                     ^
Warning 36 in figures/cap_geometry.tex line 13: You should put a space in front of parenthesis.
 \draw[->,very thick,oiBlue] (0,0)--(76:1.7) node[above right] {$z$};  
                                    ^
Warning 36 in figures/cap_geometry.tex line 14: You should put a space in front of parenthesis.
 \draw[->,very thick,oiOrange] (0,0)--(38:1.7) node[right] {$v$};  
                                      ^
Warning 8 in figures/cap_geometry.tex line 23: Wrong length of dash may have been used.
 {The point cap and the row threshold differ. A negative row side is handled by a singleton-side split.};  
                                                                                           ^
Warning 8 in figures/cap_geometry.tex line 25: Wrong length of dash may have been used.
\caption{Cap geometry in a two-dimensional section. The drawing uses $\alpha=1/2$ and $\beta=\sqrt3/2$. Blue denotes point vectors in the cap; the orange row vector satisfies the weaker row-side threshold. The strict inequality proves the common template sign used in \cref{thm:caps}.}\label{fig:cap}  
                              ^
Warning 8 in figures/cap_geometry.tex line 25: Wrong length of dash may have been used.
\caption{Cap geometry in a two-dimensional section. The drawing uses $\alpha=1/2$ and $\beta=\sqrt3/2$. Blue denotes point vectors in the cap; the orange row vector satisfies the weaker row-side threshold. The strict inequality proves the common template sign used in \cref{thm:caps}.}\label{fig:cap}  
                                                                                                                                                                                             ^
Warning 1 in sections/05_learners.tex line 37: Command terminated with space.
\noindent Proof: see \cref{proof:caps}.\par  
         ^
Warning 1 in sections/05_learners.tex line 37: Command terminated with space.
\noindent Proof: see \cref{proof:caps}.\par  
                                           ^
Warning 8 in sections/05_learners.tex line 40: Wrong length of dash may have been used.
For $d=6$, $c_6\approx0.0003509774$ and $8d/c_d\approx136760.93$. These numerical values describe the ideal sampler. The rational-net construction has worse, dimension-dependent constants but the same stated asymptotics. A low-rank template alone is insufficient: the no-negative-$2\times2$ condition is used exactly at the splitting step.  
                                                                                                                                 ^
Warning 8 in sections/05_learners.tex line 40: Wrong length of dash may have been used.
For $d=6$, $c_6\approx0.0003509774$ and $8d/c_d\approx136760.93$. These numerical values describe the ideal sampler. The rational-net construction has worse, dimension-dependent constants but the same stated asymptotics. A low-rank template alone is insufficient: the no-negative-$2\times2$ condition is used exactly at the splitting step.  
                                                                                                                                                                       ^
Warning 8 in sections/05_learners.tex line 40: Wrong length of dash may have been used.
For $d=6$, $c_6\approx0.0003509774$ and $8d/c_d\approx136760.93$. These numerical values describe the ideal sampler. The rational-net construction has worse, dimension-dependent constants but the same stated asymptotics. A low-rank template alone is insufficient: the no-negative-$2\times2$ condition is used exactly at the splitting step.  
                                                                                                                                                                                                                                  ^
Warning 8 in sections/05_learners.tex line 40: Wrong length of dash may have been used.
For $d=6$, $c_6\approx0.0003509774$ and $8d/c_d\approx136760.93$. These numerical values describe the ideal sampler. The rational-net construction has worse, dimension-dependent constants but the same stated asymptotics. A low-rank template alone is insufficient: the no-negative-$2\times2$ condition is used exactly at the splitting step.  
                                                                                                                                                                                                                                                                              ^
Warning 8 in sections/05_learners.tex line 42: Wrong length of dash may have been used.
\subsection{Proper learning without a dual-plane search}\label{sec:proper}  
                                          ^
Warning 8 in sections/05_learners.tex line 43: Wrong length of dash may have been used.
Every grid family contains the all-positive row: take intercept $b=2N^2$. Proper learning therefore does not require testing random lines when the total negative mass is small. The first substantial negative rectangle supplies the missing localization information.  
                                  ^
Warning 8 in sections/05_learners.tex line 47: Wrong length of dash may have been used.
For every finite nonempty class $H$ and $0<\epsilon<1/4$, suppose $H$ contains the all-positive hypothesis and has no negative $2\times2$. Given a rectangle sampler of coverage $r$, it has a distribution-independent proper SQ learner of expected error at most $\epsilon$, using  
                                                                                      ^
Warning 8 in sections/05_learners.tex line 47: Wrong length of dash may have been used.
For every finite nonempty class $H$ and $0<\epsilon<1/4$, suppose $H$ contains the all-positive hypothesis and has no negative $2\times2$. Given a rectangle sampler of coverage $r$, it has a distribution-independent proper SQ learner of expected error at most $\epsilon$, using  
                                                                                                                                                                                                           ^
Warning 1 in sections/05_learners.tex line 49: Command terminated with space.
 m_{\rm proper}\le m_{\rm RECTIFY}(\epsilon/4)  
       ^
Warning 1 in sections/05_learners.tex line 49: Command terminated with space.
 m_{\rm proper}\le m_{\rm RECTIFY}(\epsilon/4)  
                  ^
Warning 1 in sections/05_learners.tex line 49: Command terminated with space.
 m_{\rm proper}\le m_{\rm RECTIFY}(\epsilon/4)  
                         ^
Warning 36 in sections/05_learners.tex line 49: You should put a space in front of parenthesis.
 m_{\rm proper}\le m_{\rm RECTIFY}(\epsilon/4)  
                                  ^
Warning 1 in sections/05_learners.tex line 50: Command terminated with space.
 +\lceil\log_2|X|\rceil+\lceil\log_2K\rceil  
                                           ^
Warning 8 in sections/05_learners.tex line 58: Wrong length of dash may have been used.
The cap implementation is polynomial-time in the explicit table. Its finite-net deterministic variant is also proper and has the same asymptotic query bound, with constants depending on the template dimension.  
                                    ^
Warning 8 in sections/05_learners.tex line 58: Wrong length of dash may have been used.
The cap implementation is polynomial-time in the explicit table. Its finite-net deterministic variant is also proper and has the same asymptotic query bound, with constants depending on the template dimension.  
                                                                           ^
Warning 1 in sections/05_learners.tex line 65: Command terminated with space.
\If{no negative peel occurs}{\Return the all-positive member\;}  
                                    ^
Warning 8 in sections/05_learners.tex line 65: Wrong length of dash may have been used.
\If{no negative peel occurs}{\Return the all-positive member\;}  
                                            ^
Warning 1 in sections/05_learners.tex line 67: Command terminated with space.
\If{the row passes}{\Return that row\;}  
                           ^
Warning 8 in sections/05_learners.tex line 70: Wrong length of dash may have been used.
\eIf{the answer exceeds $\epsilon/4$}{Binary-search the rows through $p$ using negative-union queries; return the target\;}  
                                            ^
Warning 8 in sections/05_learners.tex line 70: Wrong length of dash may have been used.
\eIf{the answer exceeds $\epsilon/4$}{Binary-search the rows through $p$ using negative-union queries; return the target\;}  
                                                                                       ^
Warning 1 in sections/05_learners.tex line 76: Command terminated with space.
\noindent Proof: see \cref{proof:proper}.\par  
         ^
Warning 1 in sections/05_learners.tex line 76: Command terminated with space.
\noindent Proof: see \cref{proof:proper}.\par  
                                             ^
Warning 8 in sections/05_learners.tex line 79: Wrong length of dash may have been used.
The all-light case requires no aspect-ratio argument. At the first negative peel, either the singleton candidate is already good, or its intersection with the target contains one heavy negative atom. The other members of the star at that atom have disjoint negative supports.   
       ^
Warning 8 in sections/05_learners.tex line 79: Wrong length of dash may have been used.
The all-light case requires no aspect-ratio argument. At the first negative peel, either the singleton candidate is already good, or its intersection with the target contains one heavy negative atom. The other members of the star at that atom have disjoint negative supports.   
                                     ^
Warning 8 in sections/05_learners.tex line 82: Wrong length of dash may have been used.
The real-grid structure permits a learner that does not construct the truth table, its cap mixture, or a radial-isotropic transform. Its negative labeled measure is supported on one unknown affine line. Integer order, rather than pairwise sampling, identifies that line unless one negative point already carries enough mass for a star reduction. This resolves the all-light case with a quadratic, rather than linear, logarithmic query bound.  
        ^
Warning 8 in sections/05_learners.tex line 82: Wrong length of dash may have been used.
The real-grid structure permits a learner that does not construct the truth table, its cap mixture, or a radial-isotropic transform. Its negative labeled measure is supported on one unknown affine line. Integer order, rather than pairwise sampling, identifies that line unless one negative point already carries enough mass for a star reduction. This resolves the all-light case with a quadratic, rather than linear, logarithmic query bound.  
                                                                                                               ^
Warning 8 in sections/05_learners.tex line 82: Wrong length of dash may have been used.
The real-grid structure permits a learner that does not construct the truth table, its cap mixture, or a radial-isotropic transform. Its negative labeled measure is supported on one unknown affine line. Integer order, rather than pairwise sampling, identifies that line unless one negative point already carries enough mass for a star reduction. This resolves the all-light case with a quadratic, rather than linear, logarithmic query bound.  
                                                                                                                                                                                                                                                                                                                                                                               ^
Warning 8 in sections/05_learners.tex line 84: Wrong length of dash may have been used.
Write $\mu^-(E)=\Pr_D[p\in E,\ h^*(p)=-1]$, $\beta=\mu^-(X)$, and $\zeta=\epsilon/4096$. We analyze answers of error at most $\zeta$. In a finite-bit implementation request raw SQ tolerance $\zeta/2$ and round each response with additional error at most $\zeta/2$, using $O(\log(1/\epsilon))$ bits after the binary point. This makes the algorithm a finite-bit computation without assuming exact real arithmetic. Points have coordinates $(x,y)$; the label in an SQ is a separate variable.  
                                                                                                                                                 ^
Warning 8 in sections/05_learners.tex line 84: Wrong length of dash may have been used.
Write $\mu^-(E)=\Pr_D[p\in E,\ h^*(p)=-1]$, $\beta=\mu^-(X)$, and $\zeta=\epsilon/4096$. We analyze answers of error at most $\zeta$. In a finite-bit implementation request raw SQ tolerance $\zeta/2$ and round each response with additional error at most $\zeta/2$, using $O(\log(1/\epsilon))$ bits after the binary point. This makes the algorithm a finite-bit computation without assuming exact real arithmetic. Points have coordinates $(x,y)$; the label in an SQ is a separate variable.  
                                                                                                                                                                                                                                                                                                                                                                   ^
Warning 8 in sections/05_learners.tex line 88: Wrong length of dash may have been used.
Suppose $\beta>0$, $|\widehat\beta-\beta|\le\zeta$, and $\beta\ge512\zeta$. Let $f$ be integer-valued in $[L,H]$ on the negative support. Binary search using the query $\mu^-\{f\le t\}$ and threshold $\widehat\beta/2$ returns $v\in[L,H]$ with  
                                                                                              ^
Warning 8 in sections/05_learners.tex line 96: Wrong length of dash may have been used.
 \beta/2-3\zeta/2\le\mu^-\{f\le v\}  
        ^
Warning 1 in sections/05_learners.tex line 96: Command terminated with space.
 \beta/2-3\zeta/2\le\mu^-\{f\le v\}  
                               ^
Warning 1 in sections/05_learners.tex line 102: Command terminated with space.
\noindent Proof: see \cref{proof:median}.\par  
         ^
Warning 1 in sections/05_learners.tex line 102: Command terminated with space.
\noindent Proof: see \cref{proof:median}.\par  
                                             ^
Warning 8 in sections/05_learners.tex line 110: Wrong length of dash may have been used.
The upper intercept bound is automatic. Distinct star lines intersect only at $p$. Say that a flip matrix is \emph{star-regular} if for every point with $t(p)\ge64\lceil\log_2(2N^3)\rceil$, at least $t(p)/4$ of these rows are negative at $p$.  
                                                                                                                       ^
Warning 8 in sections/05_learners.tex line 114: Wrong length of dash may have been used.
Let $0<\epsilon<1/4$. Suppose entries of a real-grid incidence flip $A$ can be evaluated in time $E(n)$, where $n=\log_2(2N^3)$. There is a deterministic improper distribution-independent SQ learner of error at most $\epsilon$, using $O(n^2)$ queries at raw tolerance $\epsilon/8192$, with total computation polynomial in $(n,1/\epsilon,E(n))$ and an efficiently evaluable output. If $A$ is star-regular, there is a proper randomized learner with  
                                               ^
Warning 8 in sections/05_learners.tex line 114: Wrong length of dash may have been used.
Let $0<\epsilon<1/4$. Suppose entries of a real-grid incidence flip $A$ can be evaluated in time $E(n)$, where $n=\log_2(2N^3)$. There is a deterministic improper distribution-independent SQ learner of error at most $\epsilon$, using $O(n^2)$ queries at raw tolerance $\epsilon/8192$, with total computation polynomial in $(n,1/\epsilon,E(n))$ and an efficiently evaluable output. If $A$ is star-regular, there is a proper randomized learner with  
                                                                                                                                                                               ^
Warning 8 in sections/05_learners.tex line 114: Wrong length of dash may have been used.
Let $0<\epsilon<1/4$. Suppose entries of a real-grid incidence flip $A$ can be evaluated in time $E(n)$, where $n=\log_2(2N^3)$. There is a deterministic improper distribution-independent SQ learner of error at most $\epsilon$, using $O(n^2)$ queries at raw tolerance $\epsilon/8192$, with total computation polynomial in $(n,1/\epsilon,E(n))$ and an efficiently evaluable output. If $A$ is star-regular, there is a proper randomized learner with  
                                                                                                                                                                                                                                                                                                                                                                                                           ^
Warning 8 in sections/05_learners.tex line 119: Wrong length of dash may have been used.
with the same polynomial-time property and expected error at most $\epsilon$ against every valid oracle.  
                        ^
Warning 8 in sections/05_learners.tex line 124: Wrong length of dash may have been used.
\caption{Order-median learner}\label{alg:median}  
              ^
Warning 1 in sections/05_learners.tex line 127: Command terminated with space.
\If{$\widehat\beta\le\epsilon/4$}{\Return the all-positive row\;}  
                                         ^
Warning 8 in sections/05_learners.tex line 127: Wrong length of dash may have been used.
\If{$\widehat\beta\le\epsilon/4$}{\Return the all-positive row\;}  
                                                 ^
Warning 8 in sections/05_learners.tex line 140: Wrong length of dash may have been used.
For a proposed slope $a$, the residual $y-ax$ increases along the target line when $a<a^*$ and decreases when $a>a^*$. Balanced prefix and residual-median sets are therefore nested or oppositely ordered. Their intersection masses differ by a constant fraction of the total negative mass, as illustrated in \cref{fig:order}. Heavy atoms lead to the same star reduction as proper RECTIFY.  
                                                                                                                                                   ^
Warning 13 in sections/05_learners.tex line 140: Intersentence spacing (`\@') should perhaps be used.
For a proposed slope $a$, the residual $y-ax$ increases along the target line when $a<a^*$ and decreases when $a>a^*$. Balanced prefix and residual-median sets are therefore nested or oppositely ordered. Their intersection masses differ by a constant fraction of the total negative mass, as illustrated in \cref{fig:order}. Heavy atoms lead to the same star reduction as proper RECTIFY.  
                                                                                                                                                                                                                                                                                                                                                                                                 ^
Warning 1 in figures/order_median.tex line 2: Command terminated with space.
\centering  
          ^
Warning 1 in figures/order_median.tex line 4: Command terminated with space.
\foreach \panel/\off/\a/\v in {0/0/1/3.5,1/8.5/3/-1.5}{  
        ^
Warning 1 in figures/order_median.tex line 5: Command terminated with space.
 \begin{scope}[xshift=\off cm]  
                          ^
Warning 1 in figures/order_median.tex line 7: Command terminated with space.
   \clip (.5,.5) rectangle (5.5,11.7);  
        ^
Warning 36 in figures/order_median.tex line 10: You should put a space in front of parenthesis.
    \fill[oiOrange!18] (.5,.5)--(5.5,.5)--(5.5,9)--(.5,4)--cycle;  
                                ^
Warning 36 in figures/order_median.tex line 10: You should put a space in front of parenthesis.
    \fill[oiOrange!18] (.5,.5)--(5.5,.5)--(5.5,9)--(.5,4)--cycle;  
                                          ^
Warning 36 in figures/order_median.tex line 10: You should put a space in front of parenthesis.
    \fill[oiOrange!18] (.5,.5)--(5.5,.5)--(5.5,9)--(.5,4)--cycle;  
                                                   ^
Warning 1 in figures/order_median.tex line 11: Command terminated with space.
   \else  
        ^
Warning 36 in figures/order_median.tex line 12: You should put a space in front of parenthesis.
    \fill[oiOrange!18] (.5,.5)--(5.5,.5)--(5.5,15)--(.5,0)--cycle;  
                                ^
Warning 36 in figures/order_median.tex line 12: You should put a space in front of parenthesis.
    \fill[oiOrange!18] (.5,.5)--(5.5,.5)--(5.5,15)--(.5,0)--cycle;  
                                          ^
Warning 36 in figures/order_median.tex line 12: You should put a space in front of parenthesis.
    \fill[oiOrange!18] (.5,.5)--(5.5,.5)--(5.5,15)--(.5,0)--cycle;  
                                                    ^
Warning 1 in figures/order_median.tex line 13: Command terminated with space.
   \fi  
      ^
Warning 36 in figures/order_median.tex line 15: You should put a space in front of parenthesis.
   \draw[dashed,oiBlue,thick] (2.5,.5)--(2.5,11.7);  
                                        ^
Warning 36 in figures/order_median.tex line 16: You should put a space in front of parenthesis.
   \draw[oiOrange,thick] (.5,{\a*.5+\v})--(5.5,{\a*5.5+\v});  
                                          ^
Warning 36 in figures/order_median.tex line 17: You should put a space in front of parenthesis.
   \draw[black,thick] (.7,2.4)--(5.3,11.6);  
                                ^
Warning 1 in figures/order_median.tex line 18: Command terminated with space.
   \foreach \x in {1,...,5}{\fill (\x,{2*\x+1}) circle[x radius=.065cm,y radius=.065cm];}  
           ^
Warning 11 in figures/order_median.tex line 18: You should use \ldots to achieve an ellipsis.
   \foreach \x in {1,...,5}{\fill (\x,{2*\x+1}) circle[x radius=.065cm,y radius=.065cm];}  
                     ^^^
Warning 1 in figures/order_median.tex line 18: Command terminated with space.
   \foreach \x in {1,...,5}{\fill (\x,{2*\x+1}) circle[x radius=.065cm,y radius=.065cm];}  
                                 ^
Warning 36 in figures/order_median.tex line 20: You should put a space in front of parenthesis.
  \draw[->] (.5,.5)--(5.7,.5) node[right] {$x$};  
                     ^
Warning 36 in figures/order_median.tex line 21: You should put a space in front of parenthesis.
  \draw[->] (.5,.5)--(.5,12.2) node[above] {$y$};  
                     ^
Warning 36 in figures/order_median.tex line 29: You should put a space in front of parenthesis.
    \node[below,align=center,font=\scriptsize] at (3,-.7) {$f_a=(a^*-a)x+b^*$ decreases;\\the intersection is small after balancing.};  
                                                                ^
Warning 36 in figures/order_median.tex line 29: You should put a space after parenthesis.
    \node[below,align=center,font=\scriptsize] at (3,-.7) {$f_a=(a^*-a)x+b^*$ decreases;\\the intersection is small after balancing.};  
                                                                       ^
Warning 8 in figures/order_median.tex line 34: Wrong length of dash may have been used.
\caption{The order test behind \cref{thm:fast}. The target is $y=2x+1$. The blue region is an $x$-prefix; orange denotes $y-ax\le v$. On the target, the orange region becomes a prefix when the trial slope is too small and a suffix when it is too large. The proof uses noisy median mass bounds to separate these cases by a constant fraction of the negative mass.}\label{fig:order}  
                                                                                                                           ^
Warning 1 in figures/order_median.tex line 34: Command terminated with space.
\caption{The order test behind \cref{thm:fast}. The target is $y=2x+1$. The blue region is an $x$-prefix; orange denotes $y-ax\le v$. On the target, the orange region becomes a prefix when the trial slope is too small and a suffix when it is too large. The proof uses noisy median mass bounds to separate these cases by a constant fraction of the negative mass.}\label{fig:order}  
                                                                                                                                 ^
Warning 25 in sections/06_explicit.tex line 17: You might wish to put this between a pair of `{}'
\input{sections/06_explicit}  
                   ^^^^^^^^
Warning 36 in sections/06_explicit.tex line 8: You should put a space in front of parenthesis.
Take $n=3b+1$, $N=2^b$, so that the domain size is exactly $2N^3=2^n$. Encode $(a,b',x,y)$ injectively in $O(n)$ bits and pad if needed to the PRF input length. Define $A_s$ to be positive off template incidences and to have sign $2f_s(a,b',x,y)-1$ on incidences. Thus a bit one flips a negative entry to positive.  
                                                                               ^
Warning 38 in sections/06_explicit.tex line 8: You should not use punctuation after quotes.
Take $n=3b+1$, $N=2^b$, so that the domain size is exactly $2N^3=2^n$. Encode $(a,b',x,y)$ injectively in $O(n)$ bits and pad if needed to the PRF input length. Define $A_s$ to be positive off template incidences and to have sign $2f_s(a,b',x,y)-1$ on incidences. Thus a bit one flips a negative entry to positive.  
                                                                                    ^
Warning 36 in sections/06_explicit.tex line 8: You should put a space in front of parenthesis.
Take $n=3b+1$, $N=2^b$, so that the domain size is exactly $2N^3=2^n$. Encode $(a,b',x,y)$ injectively in $O(n)$ bits and pad if needed to the PRF input length. Define $A_s$ to be positive off template incidences and to have sign $2f_s(a,b',x,y)-1$ on incidences. Thus a bit one flips a negative entry to positive.  
                                                                                                            ^
Warning 36 in sections/06_explicit.tex line 8: You should put a space in front of parenthesis.
Take $n=3b+1$, $N=2^b$, so that the domain size is exactly $2N^3=2^n$. Encode $(a,b',x,y)$ injectively in $O(n)$ bits and pad if needed to the PRF input length. Define $A_s$ to be positive off template incidences and to have sign $2f_s(a,b',x,y)-1$ on incidences. Thus a bit one flips a negative entry to positive.  
                                                                                                                                                                                                                                           ^
Warning 38 in sections/06_explicit.tex line 8: You should not use punctuation after quotes.
Take $n=3b+1$, $N=2^b$, so that the domain size is exactly $2N^3=2^n$. Encode $(a,b',x,y)$ injectively in $O(n)$ bits and pad if needed to the PRF input length. Define $A_s$ to be positive off template incidences and to have sign $2f_s(a,b',x,y)-1$ on incidences. Thus a bit one flips a negative entry to positive.  
                                                                                                                                                                                                                                                ^
Warning 3 in sections/06_explicit.tex line 14: You should enclose the previous parenthesis with `{}'.
 I_k=2k^4-\left(\frac{k(k+1)}2\right)^2,  
                                    ^
Warning 1 in sections/06_explicit.tex line 21: Command terminated with space.
Whether $\sr(A)\le D_k$ can be decided after reading at most $I_k\le2k^4$ oracle bits, in time $2^{O(k^3D_k\log k)}=2^{O(k^4)}$ when $D_k\ge1$. When $D_k=0$, the event is empty and is decided immediately.  
                  ^
Warning 36 in sections/06_explicit.tex line 21: You should put a space in front of parenthesis.
Whether $\sr(A)\le D_k$ can be decided after reading at most $I_k\le2k^4$ oracle bits, in time $2^{O(k^3D_k\log k)}=2^{O(k^4)}$ when $D_k\ge1$. When $D_k=0$, the event is empty and is decided immediately.  
                                                                                                    ^
Warning 1 in sections/06_explicit.tex line 21: Command terminated with space.
Whether $\sr(A)\le D_k$ can be decided after reading at most $I_k\le2k^4$ oracle bits, in time $2^{O(k^3D_k\log k)}=2^{O(k^4)}$ when $D_k\ge1$. When $D_k=0$, the event is empty and is decided immediately.  
                                                                                                               ^
Warning 36 in sections/06_explicit.tex line 21: You should put a space in front of parenthesis.
Whether $\sr(A)\le D_k$ can be decided after reading at most $I_k\le2k^4$ oracle bits, in time $2^{O(k^3D_k\log k)}=2^{O(k^4)}$ when $D_k\ge1$. When $D_k=0$, the event is empty and is decided immediately.  
                                                                                                                        ^
Warning 36 in sections/06_explicit.tex line 33: You should put a space in front of parenthesis.
For every key, entries of $A_s$ and hypotheses in $H_{A_s}$ are evaluable in $\operatorname{poly}_c(n)$ time. Every key has RECTIFY and proper learners with $O_\epsilon(n)$ queries and tolerance $\Omega_\epsilon(1)$. For all sufficiently large admissible $n$, outside a negligible fraction of keys,  
                                                                                                   ^
Warning 36 in sections/06_explicit.tex line 37: You should put a space in front of parenthesis.
Here the learner with $O(n)$ queries may use table-polynomial computation. A succinct polynomial-time implementation with $O(n^2)$ queries is established in Section~\ref{sec:fast}.  
                        ^
Warning 36 in sections/06_explicit.tex line 37: You should put a space in front of parenthesis.
Here the learner with $O(n)$ queries may use table-polynomial computation. A succinct polynomial-time implementation with $O(n^2)$ queries is established in Section~\ref{sec:fast}.  
                                                                                                                            ^
Warning 36 in sections/06_explicit.tex line 43: You should put a space in front of parenthesis.
For the linear implication choose any $c>1$. For any proposed fixed-degree polynomial in $(m,1/\tau,n)$ choose $c$ larger than its degree, holding $\epsilon$ fixed. The lower bound then exceeds that polynomial for all sufficiently large $n$. The polynomial key-length exponent depends on $c$; this statement is a hierarchy of succinctly evaluable families, not one polynomial-key family that beats every polynomial. Choosing instead $k=n^{\log_2n}$ and $\sigma=\lceil k^{6/\delta}\rceil$ makes the same proof give superpolynomial dimension with quasipolynomial seed length and evaluation time. It does not settle polynomial-time deterministic explicit selection in the direction of \citet[Problem~4.1]{HHPTZ22}.  
                                                                                          ^
Warning 1 in sections/06_explicit.tex line 43: Command terminated with space.
For the linear implication choose any $c>1$. For any proposed fixed-degree polynomial in $(m,1/\tau,n)$ choose $c$ larger than its degree, holding $\epsilon$ fixed. The lower bound then exceeds that polynomial for all sufficiently large $n$. The polynomial key-length exponent depends on $c$; this statement is a hierarchy of succinctly evaluable families, not one polynomial-key family that beats every polynomial. Choosing instead $k=n^{\log_2n}$ and $\sigma=\lceil k^{6/\delta}\rceil$ makes the same proof give superpolynomial dimension with quasipolynomial seed length and evaluation time. It does not settle polynomial-time deterministic explicit selection in the direction of \citet[Problem~4.1]{HHPTZ22}.  
                                                                                                                                                                                                                                                                                                                                                                                                                                                                                   ^
Warning 36 in sections/06_explicit.tex line 47: You should put a space in front of parenthesis.
Fix $c\ge1$ and $0<\epsilon<1/4$. For all sufficiently large $n=3b+1$, there is a family of incidence-flip classes on $2^n$ points indexed by advice strings of length $O_c(n^{4c})$. Every entry is evaluable in $\operatorname{poly}_c(n)$ time. For all but a $2^{-\Omega_c(n^{4c})}$ fraction of advice strings,  
                                                                                                                                                                           ^
Warning 36 in sections/06_explicit.tex line 47: You should put a space in front of parenthesis.
Fix $c\ge1$ and $0<\epsilon<1/4$. For all sufficiently large $n=3b+1$, there is a family of incidence-flip classes on $2^n$ points indexed by advice strings of length $O_c(n^{4c})$. Every entry is evaluable in $\operatorname{poly}_c(n)$ time. For all but a $2^{-\Omega_c(n^{4c})}$ fraction of advice strings,  
                                                                                                                                                                                                                                        ^
Warning 36 in sections/06_explicit.tex line 47: You should put a space in front of parenthesis.
Fix $c\ge1$ and $0<\epsilon<1/4$. For all sufficiently large $n=3b+1$, there is a family of incidence-flip classes on $2^n$ points indexed by advice strings of length $O_c(n^{4c})$. Every entry is evaluable in $\operatorname{poly}_c(n)$ time. For all but a $2^{-\Omega_c(n^{4c})}$ fraction of advice strings,  
                                                                                                                                                                                                                                                                              ^
Warning 36 in sections/06_explicit.tex line 51: You should put a space in front of parenthesis.
Every advice string admits a proper deterministic learner running in $\operatorname{poly}_{c,\epsilon}(n)$ time, with $O_{c,\epsilon}(\log n)$ queries at tolerance $\Omega_\epsilon(1)$.  
                                                                                                      ^
Warning 36 in sections/06_explicit.tex line 51: You should put a space in front of parenthesis.
Every advice string admits a proper deterministic learner running in $\operatorname{poly}_{c,\epsilon}(n)$ time, with $O_{c,\epsilon}(\log n)$ queries at tolerance $\Omega_\epsilon(1)$.  
                                                                                                                                     ^
Warning 1 in sections/06_explicit.tex line 51: Command terminated with space.
Every advice string admits a proper deterministic learner running in $\operatorname{poly}_{c,\epsilon}(n)$ time, with $O_{c,\epsilon}(\log n)$ queries at tolerance $\Omega_\epsilon(1)$.  
                                                                                                                                          ^
Warning 36 in sections/06_explicit.tex line 53: You should put a space in front of parenthesis.
The advice stores only the flip bits of a polynomial-size subgrid. Collapsing all other points to one positive point gives a polynomial-size effective table, so its proper cap learner has $O_{c,\epsilon}(\log n)$ queries. The full construction and counting proof appear in \cref{proof:advice}.  
                                                                                                                                                                                                           ^
Warning 1 in sections/06_explicit.tex line 53: Command terminated with space.
The advice stores only the flip bits of a polynomial-size subgrid. Collapsing all other points to one positive point gives a polynomial-size effective table, so its proper cap learner has $O_{c,\epsilon}(\log n)$ queries. The full construction and counting proof appear in \cref{proof:advice}.  
                                                                                                                                                                                                                ^
Warning 1 in sections/06_explicit.tex line 58: Command terminated with space.
Use the star-regularity definition in \cref{sec:fast}: every template star with at least $64\lceil n\rceil$ rows has at least one quarter of its rows negative at its center. This property is independent of $\epsilon$; the algorithm tests it only for stars larger than $C_0=\max\{64\lceil n\rceil,\lceil128/\epsilon\rceil\}$. For independent fair incidence flips, the probability of failure of star-regularity is at most $e^{-3n}$, where $n=\log_2(2N^3)$. Under the PRF assumption and parameters of Theorem~\ref{thm:prf}, failure occurs for only a negligible fraction of keys.  
                                                                                                  ^
Warning 1 in sections/06_explicit.tex line 58: Command terminated with space.
Use the star-regularity definition in \cref{sec:fast}: every template star with at least $64\lceil n\rceil$ rows has at least one quarter of its rows negative at its center. This property is independent of $\epsilon$; the algorithm tests it only for stars larger than $C_0=\max\{64\lceil n\rceil,\lceil128/\epsilon\rceil\}$. For independent fair incidence flips, the probability of failure of star-regularity is at most $e^{-3n}$, where $n=\log_2(2N^3)$. Under the PRF assumption and parameters of Theorem~\ref{thm:prf}, failure occurs for only a negligible fraction of keys.  
                                                                                                                                                                                                                                                                                               ^
Warning 36 in sections/06_explicit.tex line 71: You should put a space in front of parenthesis.
and a proper learner running in $\operatorname{poly}_{c,\epsilon}(n)$ time given the key. Every key has the corresponding deterministic improper polynomial-time learner, independently of star-regularity.  
                                                                 ^
Warning 36 in sections/06_explicit.tex line 77: You should put a space in front of parenthesis.
Taking $c>2$ refutes the linear query/tolerance implication even when the learner must run in time polynomial in $n$. Taking $c$ larger than twice a proposed polynomial degree refutes each fixed-degree polynomial in $(m,1/\tau,n)$ within this computational model. The key length and runtime exponents grow with $c$, so this does not refute a bound whose right side also charges an arbitrary polynomial of the actual runtime or expanded description size. Reducing the succinct query bound to $O(n)$ remains open.  
                                                                                                                                                                                                                         ^
Warning 36 in sections/06_explicit.tex line 77: You should put a space in front of parenthesis.
Taking $c>2$ refutes the linear query/tolerance implication even when the learner must run in time polynomial in $n$. Taking $c$ larger than twice a proposed polynomial degree refutes each fixed-degree polynomial in $(m,1/\tau,n)$ within this computational model. The key length and runtime exponents grow with $c$, so this does not refute a bound whose right side also charges an arbitrary polynomial of the actual runtime or expanded description size. Reducing the succinct query bound to $O(n)$ remains open.  
                                                                                                                                                                                                                                                                                                                                                                                                                                                                                                             ^
Warning 25 in sections/07_characterizations.tex line 18: You might wish to put this between a pair of `{}'
\input{sections/07_characterizations}  
                   ^^^^^^^^^^^^^^^^^
Warning 36 in sections/07_characterizations.tex line 4: You should put a space in front of parenthesis.
Let $\mathrm{AC}_{\times}(H)$ be the supremum over product distributions $\mu\times\nu$ of the minimum expected bit cost of an exact deterministic communication protocol for $(x,h)\mapsto h(x)$. The protocol may depend on the two distributions. It must compute the function on every pair, including pairs of zero probability. Leaves of a binary deterministic protocol are monochromatic rectangles.  
                         ^
Warning 36 in sections/07_characterizations.tex line 4: You should put a space in front of parenthesis.
Let $\mathrm{AC}_{\times}(H)$ be the supremum over product distributions $\mu\times\nu$ of the minimum expected bit cost of an exact deterministic communication protocol for $(x,h)\mapsto h(x)$. The protocol may depend on the two distributions. It must compute the function on every pair, including pairs of zero probability. Leaves of a binary deterministic protocol are monochromatic rectangles.  
                                                                                                                                                                               ^
Warning 1 in sections/07_characterizations.tex line 4: Command terminated with space.
Let $\mathrm{AC}_{\times}(H)$ be the supremum over product distributions $\mu\times\nu$ of the minimum expected bit cost of an exact deterministic communication protocol for $(x,h)\mapsto h(x)$. The protocol may depend on the two distributions. It must compute the function on every pair, including pairs of zero probability. Leaves of a binary deterministic protocol are monochromatic rectangles.  
                                                                                                                                                                                           ^
Warning 36 in sections/07_characterizations.tex line 4: You should put a space in front of parenthesis.
Let $\mathrm{AC}_{\times}(H)$ be the supremum over product distributions $\mu\times\nu$ of the minimum expected bit cost of an exact deterministic communication protocol for $(x,h)\mapsto h(x)$. The protocol may depend on the two distributions. It must compute the function on every pair, including pairs of zero probability. Leaves of a binary deterministic protocol are monochromatic rectangles.  
                                                                                                                                                                                             ^
Warning 3 in sections/07_characterizations.tex line 12: You should enclose the previous parenthesis with `{}'.
 \mathrm{AC}_{\times}(H)\le2\rect(H)^{-1}.  
                                   ^
Warning 36 in sections/07_characterizations.tex line 14: You should put a space in front of parenthesis.
In particular, for every $0<\epsilon<1/4$, if $\mathrm{AC}_{\times}(H)\le c$, one distribution-independent SQ learner satisfies \eqref{eq:guarantee} using  
                                                                   ^
Warning 1 in sections/07_characterizations.tex line 14: Command terminated with space.
In particular, for every $0<\epsilon<1/4$, if $\mathrm{AC}_{\times}(H)\le c$, one distribution-independent SQ learner satisfies \eqref{eq:guarantee} using  
                                                                         ^
Warning 36 in sections/07_characterizations.tex line 24: You should put a space in front of parenthesis.
The cube halfspaces in Theorem~\ref{thm:halfspaces} show non-necessity here too. Under the uniform product, their largest rectangle has mass at most $e^{-n/4}$. The first proof therefore gives expected communication at least $n/(8\ln2)-1/2$, even though they have a distribution-independent polynomial-query learner. This direct consequence needs no Gap-Hamming reduction. Bounded product-average communication and a rectangle ratio bounded below are equivalent up to the displayed nonlinear conversion; neither characterizes SQ learning.  
                                                                                                                                                                                                                                    ^
Warning 1 in sections/07_characterizations.tex line 29: Command terminated with space.
Let $P_0$ be a probability distribution on a finite set $Z$, and let $r_1,\ldots,r_K\in L^2(P_0)$. Set  
                                                                                       ^
Warning 3 in sections/07_characterizations.tex line 35: You should enclose the previous parenthesis with `{}'.
 \sum_{j=1}^K\bigl(\E_{P_0}r_j a\bigr)^2  
                                     ^
Warning 36 in sections/07_characterizations.tex line 56: You should put a space in front of parenthesis.
Any randomized adaptive $(m,\tau)$-SQ learner satisfying \eqref{eq:guarantee} obeys  
                         ^
Warning 36 in sections/07_characterizations.tex line 73: You should put a space in front of parenthesis.
Set $D_j=\mu$ for every $j$. Then $r_j(x,y)=y h_j(x)$ and  
                                      ^
Warning 36 in sections/07_characterizations.tex line 73: You should put a space in front of parenthesis.
Set $D_j=\mu$ for every $j$. Then $r_j(x,y)=y h_j(x)$ and  
                                                 ^
Warning 8 in sections/07_characterizations.tex line 81: Wrong length of dash may have been used.
Indeed, $1-2\epsilon>1/2$ and $\sqrt R\leq R/4$. The cutoff matters: a uniformly positive lower bound proportional to $R\tau^2$ cannot hold for all tiny families, since a singleton needs no queries. The next theorem supplies the accompanying dimension lower bound.  
          ^
Warning 1 in sections/07_characterizations.tex line 81: Command terminated with space.
Indeed, $1-2\epsilon>1/2$ and $\sqrt R\leq R/4$. The cutoff matters: a uniformly positive lower bound proportional to $R\tau^2$ cannot hold for all tiny families, since a singleton needs no queries. The next theorem supplies the accompanying dimension lower bound.  
                                    ^
Warning 1 in sections/07_characterizations.tex line 81: Command terminated with space.
Indeed, $1-2\epsilon>1/2$ and $\sqrt R\leq R/4$. The cutoff matters: a uniformly positive lower bound proportional to $R\tau^2$ cannot hold for all tiny families, since a singleton needs no queries. The next theorem supplies the accompanying dimension lower bound.  
                                          ^
Warning 1 in sections/07_characterizations.tex line 88: Command terminated with space.
If $A\in\R^{N\times K}$ satisfies $|A_{xj}|\geq1$ for all entries, then  
                   ^
Warning 1 in sections/07_characterizations.tex line 92: Command terminated with space.
If $M\in\{-1,+1\}^{N\times K}$ and $G=M^\top\diag(\mu)M$ for any distribution $\mu$ on its rows, then  
                          ^
Warning 36 in sections/07_characterizations.tex line 92: You should put a space after parenthesis.
If $M\in\{-1,+1\}^{N\times K}$ and $G=M^\top\diag(\mu)M$ for any distribution $\mu$ on its rows, then  
                                                      ^
Warning 1 in sections/07_characterizations.tex line 101: Command terminated with space.
Theorems~\ref{thm:barrier} and \ref{thm:forster} prove the valid conditional assertion in the proposed spectral barrier: a certificate with ratio $R$ yields dimension lower bound $\sqrt R$ and query lower bound $\Omega(R\tau^2)$ when $R$ is large. They do not prove that all explicit sign-rank lower bounds admit such an ordinary label-Gram certificate. The following family disproves that extra assertion in precisely this form.  
                                                                                                                                                                                         ^
Warning 1 in sections/07_characterizations.tex line 106: Command terminated with space.
For each prime $q\geq2$, let $X_q$ be the points of the projective plane over $\mathbb F_q$, and let $\cH_q$ have one hypothesis per line, positive on that line and negative elsewhere. Set $N=q^2+q+1$ and $k=q+1$. Then:  
                                                                                      ^
Warning 3 in sections/07_characterizations.tex line 109: You should enclose the previous parenthesis with `{}'.
 \frac{|J|}{\|[\E_\mu h_i h_j]_{i,j\in J}\|_\op}&\leq16  
                             ^
Warning 36 in sections/07_characterizations.tex line 129: You should put a space in front of parenthesis.
The family has unbounded dimension while all the proposed ordinary label-Gram ratios remain bounded. This is a genuine failure of the stated universality premise, not a counterexample to OQ2. The efficient learner needed for such a separation is impossible here: the target-dependent balanced marginals produce a joint-distribution ratio of order $q$. The lower-bound witness changes entry magnitudes, which the ordinary label Gram matrix cannot capture. This also verifies an explicit separation between fixed-distribution and distribution-independent SQ learning: $m_D=O(n^2/\epsilon^2)$ at tolerance $\epsilon/2$, whereas for $q\geq16$ any common learner needs $m/\tau^2\geq q/4$. Since $N\leq2q^2$, the latter is at least $2^{(n-1)/2}/4$. The dimension lower bound is at least $2^{(n-1)/4}$. None of these fixed-$D$ learners can be substituted for the single algorithm in OQ2.  
                                                                                                                                                                                                                                                                                                                                                                                                                                                                                                                                                                                            ^
Warning 1 in sections/07_characterizations.tex line 129: Command terminated with space.
The family has unbounded dimension while all the proposed ordinary label-Gram ratios remain bounded. This is a genuine failure of the stated universality premise, not a counterexample to OQ2. The efficient learner needed for such a separation is impossible here: the target-dependent balanced marginals produce a joint-distribution ratio of order $q$. The lower-bound witness changes entry magnitudes, which the ordinary label Gram matrix cannot capture. This also verifies an explicit separation between fixed-distribution and distribution-independent SQ learning: $m_D=O(n^2/\epsilon^2)$ at tolerance $\epsilon/2$, whereas for $q\geq16$ any common learner needs $m/\tau^2\geq q/4$. Since $N\leq2q^2$, the latter is at least $2^{(n-1)/2}/4$. The dimension lower bound is at least $2^{(n-1)/4}$. None of these fixed-$D$ learners can be substituted for the single algorithm in OQ2.  
                                                                                                                                                                                                                                                                                                                                                                                                                                                                                                                                                                                                                                                                                                     ^
Warning 36 in sections/07_characterizations.tex line 134: You should put a space in front of parenthesis.
Let $H\subseteq\{-1,+1\}^X$ be finite and nonempty, $m\ge1$ an integer, $0<\tau\le1$, and $0<\epsilon<1/4$. Put $B=\lceil2/\tau\rceil+1$. Suppose a depth-at-most-$m$ deterministic $(m,\tau)$-SQ learner satisfies \eqref{eq:guarantee} for this $H$ and $\epsilon$. Decompose each query as  
                                                                                                                                                                                     ^
Warning 1 in sections/07_characterizations.tex line 144: Command terminated with space.
In particular, a deterministic correlational-only learner has $\dc(\cH)\leq m+1$.  
                                                                           ^
Warning 36 in sections/07_characterizations.tex line 145: You should put a space in front of parenthesis.
For an arbitrary randomized $(m,\tau)$-SQ learner with worst-case query budget $m$ satisfying \eqref{eq:guarantee} under the same hypotheses,  
                             ^
Warning 1 in sections/07_characterizations.tex line 159: Command terminated with space.
For the $p^2$ affine nonvertical lines on $\mathbb F_p^2$, the joint-distribution ratio in Theorem~\ref{thm:barrier} can be chosen as  
                                                  ^
Warning 3 in sections/07_characterizations.tex line 161: You should enclose the previous parenthesis with `{}'.
 R=\frac{2p}{1+(p-1)^{-2}}\ge p.  
                   ^
Warning 36 in sections/07_characterizations.tex line 167: You should put a space in front of parenthesis.
At Feldman's weak-learning parameters $\tau=1/t$, $\gamma>1/t$, $t=(p/32)^{1/4}$ and $\alpha=2/3$, this gives $m=\Omega(\sqrt p)$; at constant tolerance and constant advantage it gives $m=\Omega(p)$.  
                                                                   ^
Warning 1 in sections/07_characterizations.tex line 167: Command terminated with space.
At Feldman's weak-learning parameters $\tau=1/t$, $\gamma>1/t$, $t=(p/32)^{1/4}$ and $\alpha=2/3$, this gives $m=\Omega(\sqrt p)$; at constant tolerance and constant advantage it gives $m=\Omega(p)$.  
                                                                                                                             ^
Warning 36 in sections/07_characterizations.tex line 176: You should put a space in front of parenthesis.
For the point--line incidence class of $\operatorname{PG}(2,q)$, over any prime-power order $q\ge2$ for which the plane is defined,  
                                                         ^
Warning 3 in sections/07_characterizations.tex line 178: You should enclose the previous parenthesis with `{}'.
 \frac1{8(q+1)}\le\rect(H_q)\le\frac{q}{(q+1)^2}.  
                                            ^
Warning 1 in sections/07_characterizations.tex line 187: Command terminated with space.
Theorem~\ref{thm:barrier} and the balanced target-dependent marginals of Theorem~\ref{thm:plane} give $m/\tau^2=\Omega(q)=\Omega(\rho)$ for this family. At a fixed positive tolerance this yields $m=\Omega(\rho)$. Theorem~\ref{thm:main}, however, uses $\tau=\Theta_\epsilon(1/\rho)$ and has $m/\tau^2=O_\epsilon(\rho^3\log K)$. Thus the geometry is sharp and a linear inverse-rectangle dependence is unavoidable at fixed tolerance, but the joint $(m,\tau)$ dependence of Theorem~\ref{thm:main} is \emph{not} established as tight up to logarithms. Lowering tolerance cannot be ignored in a tightness claim.  
                                                                                                                                                                                                                                                                                                                                 ^
Warning 36 in sections/07_characterizations.tex line 187: You should put a space in front of parenthesis.
Theorem~\ref{thm:barrier} and the balanced target-dependent marginals of Theorem~\ref{thm:plane} give $m/\tau^2=\Omega(q)=\Omega(\rho)$ for this family. At a fixed positive tolerance this yields $m=\Omega(\rho)$. Theorem~\ref{thm:main}, however, uses $\tau=\Theta_\epsilon(1/\rho)$ and has $m/\tau^2=O_\epsilon(\rho^3\log K)$. Thus the geometry is sharp and a linear inverse-rectangle dependence is unavoidable at fixed tolerance, but the joint $(m,\tau)$ dependence of Theorem~\ref{thm:main} is \emph{not} established as tight up to logarithms. Lowering tolerance cannot be ignored in a tightness claim.  
                                                                                                                                                                                                                                                                                                                                                                                                                                                              ^
Warning 3 in sections/07_characterizations.tex line 193: You should enclose the previous parenthesis with `{}'.
 X_n=\{-1,+1\}^n,\qquad  
            ^^
Warning 3 in sections/07_characterizations.tex line 194: You should enclose the previous parenthesis with `{}'.
 H_n=\{x\mapsto\sign\langle w,x\rangle:w\in\{-1,+1\}^n\}.  
                                                  ^^
Warning 1 in sections/07_characterizations.tex line 196: Command terminated with space.
Then $\dc(H_n)\le n$ and $\rect(H_n)\le e^{-n/4}$. For every $0<\epsilon<1/4$, one deterministic distribution-independent SQ learner satisfies \eqref{eq:guarantee} with $m=O(n^3/\epsilon^2)$ and $\tau=\epsilon/(8n)$.  
                 ^
Warning 1 in sections/07_characterizations.tex line 196: Command terminated with space.
Then $\dc(H_n)\le n$ and $\rect(H_n)\le e^{-n/4}$. For every $0<\epsilon<1/4$, one deterministic distribution-independent SQ learner satisfies \eqref{eq:guarantee} with $m=O(n^3/\epsilon^2)$ and $\tau=\epsilon/(8n)$.  
                                       ^
Warning 36 in sections/07_characterizations.tex line 196: You should put a space in front of parenthesis.
Then $\dc(H_n)\le n$ and $\rect(H_n)\le e^{-n/4}$. For every $0<\epsilon<1/4$, one deterministic distribution-independent SQ learner satisfies \eqref{eq:guarantee} with $m=O(n^3/\epsilon^2)$ and $\tau=\epsilon/(8n)$.  
                                                                                                                                                                             ^
Warning 36 in sections/07_characterizations.tex line 196: You should put a space in front of parenthesis.
Then $\dc(H_n)\le n$ and $\rect(H_n)\le e^{-n/4}$. For every $0<\epsilon<1/4$, one deterministic distribution-independent SQ learner satisfies \eqref{eq:guarantee} with $m=O(n^3/\epsilon^2)$ and $\tau=\epsilon/(8n)$.  
                                                                                                                                                                                                                  ^
Warning 1 in sections/07_characterizations.tex line 204: Command terminated with space.
For an ordinary Gram matrix $G=\E_\mu hh^\top$ on $K$ rows, let $R=K/\|G\|_{\mathrm{op}}$. A monochromatic rectangle $S\times T$ satisfies  
                                     ^
Warning 1 in sections/07_characterizations.tex line 204: Command terminated with space.
For an ordinary Gram matrix $G=\E_\mu hh^\top$ on $K$ rows, let $R=K/\|G\|_{\mathrm{op}}$. A monochromatic rectangle $S\times T$ satisfies  
                                                                                                                             ^
Warning 3 in sections/07_characterizations.tex line 206: You should enclose the previous parenthesis with `{}'.
 \mu(S)|T|^2\le\E_\mu\!\left(\sum_{h\in T}h(x)\right)^2  
                                                    ^
Warning 25 in figures/implication_map.tex line 211: You might wish to put this between a pair of `{}'
\input{figures/implication_map.tex}  
                           ^^^
Warning 8 in figures/implication_map.tex line 5: Wrong length of dash may have been used.
\node[diagram box,text width=3.2cm,fill=oiBlue!8] (comm) at (5,5.2) {Bounded product-average\\communication};  
                                                                                    ^
Warning 8 in figures/implication_map.tex line 6: Wrong length of dash may have been used.
\node[diagram box,text width=3.0cm,fill=oiPurple!10] (rank) at (10,5.2) {Large sign-rank};  
                                                                                   ^
Warning 8 in figures/implication_map.tex line 7: Wrong length of dash may have been used.
\node[diagram box,text width=3.2cm] (plain) at (0,2.4) {Small ordinary-Gram\\certificate ratios};  
                                                                      ^
Warning 8 in figures/implication_map.tex line 8: Wrong length of dash may have been used.
\node[diagram box,text width=3.2cm,fill=oiGreen!12] (easy) at (5,2.4) {SQ-easy};  
                                                                         ^
Warning 8 in figures/implication_map.tex line 10: Wrong length of dash may have been used.
\node[diagram box,text width=3.2cm] (joint) at (0,0) {Large joint-distribution\\certificate};  
                                                                 ^
Warning 8 in figures/implication_map.tex line 11: Wrong length of dash may have been used.
\node[diagram box,text width=3.2cm,fill=oiOrange!15] (hard) at (5,0) {SQ-hard};  
                                                                        ^
Warning 8 in figures/implication_map.tex line 12: Wrong length of dash may have been used.
\node[diagram box,text width=3.0cm] (gram) at (10,0) {Large ordinary-Gram\\certificate};  
                                                                    ^
Warning 36 in figures/implication_map.tex line 13: You should put a space in front of parenthesis.
\draw[solid implication,<->] (rect)--node[above]{\cref{thm:communication}}(comm);  
                                                                          ^
Warning 36 in figures/implication_map.tex line 14: You should put a space in front of parenthesis.
\draw[solid implication] (rect)--node[left,font=\tiny,align=right]{\cref{thm:energy}\\product weights}(plain);  
                                                                                                      ^
Warning 36 in figures/implication_map.tex line 15: You should put a space in front of parenthesis.
\draw[solid implication] (rect.south east)--node[above,sloped]{\cref{thm:main}}(easy.north west);  
                                                                               ^
Warning 36 in figures/implication_map.tex line 16: You should put a space in front of parenthesis.
\draw[solid implication] (comm)--node[right]{\cref{thm:communication}}(easy);  
                                                                      ^
Warning 36 in figures/implication_map.tex line 17: You should put a space in front of parenthesis.
\draw[solid implication] (joint)--node[above]{\cref{thm:barrier}}(hard);  
                                                                 ^
Warning 36 in figures/implication_map.tex line 18: You should put a space in front of parenthesis.
\draw[solid implication] (gram)--node[above]{\cref{thm:barrier}}(hard);  
                                                                ^
Warning 36 in figures/implication_map.tex line 19: You should put a space in front of parenthesis.
\draw[solid implication] (gram)--node[right,align=left]{\cref{thm:energy}}(smallrect);  
                                                                          ^
Warning 36 in figures/implication_map.tex line 21: You should put a space in front of parenthesis.
\draw[coexist] (easy)--node[above=7pt,font=\tiny,align=center]{cube halfspaces\\\cref{thm:halfspaces}}(smallrect);  
                                                                                                      ^
Warning 36 in figures/implication_map.tex line 22: You should put a space in front of parenthesis.
\draw[coexist] (plain)--node[left,align=right]{projective planes\\\cref{thm:plane}}(joint);  
                                                                                   ^
Warning 8 in figures/implication_map.tex line 25: Wrong length of dash may have been used.
\caption{Which resources separate. Small rectangles alone do not imply SQ hardness: cube halfspaces are a counterexample. An ordinary spectral certificate separately forces small rectangles and SQ hardness. Projective planes require the stronger joint-distribution certificate, while incidence flips combine large rectangles with large sign-rank.}\label{fig:landscape}  
                                                                                                                                                                                                                                                           ^
Warning 8 in figures/implication_map.tex line 25: Wrong length of dash may have been used.
\caption{Which resources separate. Small rectangles alone do not imply SQ hardness: cube halfspaces are a counterexample. An ordinary spectral certificate separately forces small rectangles and SQ hardness. Projective planes require the stronger joint-distribution certificate, while incidence flips combine large rectangles with large sign-rank.}\label{fig:landscape}  
                                                                                                                                                                                                                                                                                                                                                    ^
Warning 8 in sections/07_characterizations.tex line 214: Wrong length of dash may have been used.
The ordinary-Gram estimate above shows why large rectangles exclude a large fixed-marginal certificate. The balanced projective-plane certificate is a joint-distribution certificate, not one of these bounded ordinary-Gram ratios. For the flip family, Theorems~\ref{thm:barrier} and~\ref{thm:main} give $\mathfrak J(H_A)=O_\epsilon(\log M)$ while $\dc(H_A)=\Omega(N/\log M)$. This is the promised failure of joint-certificate completeness.  
            ^
Warning 8 in sections/07_characterizations.tex line 214: Wrong length of dash may have been used.
The ordinary-Gram estimate above shows why large rectangles exclude a large fixed-marginal certificate. The balanced projective-plane certificate is a joint-distribution certificate, not one of these bounded ordinary-Gram ratios. For the flip family, Theorems~\ref{thm:barrier} and~\ref{thm:main} give $\mathfrak J(H_A)=O_\epsilon(\log M)$ while $\dc(H_A)=\Omega(N/\log M)$. This is the promised failure of joint-certificate completeness.  
                                                                                 ^
Warning 8 in sections/07_characterizations.tex line 214: Wrong length of dash may have been used.
The ordinary-Gram estimate above shows why large rectangles exclude a large fixed-marginal certificate. The balanced projective-plane certificate is a joint-distribution certificate, not one of these bounded ordinary-Gram ratios. For the flip family, Theorems~\ref{thm:barrier} and~\ref{thm:main} give $\mathfrak J(H_A)=O_\epsilon(\log M)$ while $\dc(H_A)=\Omega(N/\log M)$. This is the promised failure of joint-certificate completeness.  
                                                                                                                               ^
Warning 8 in sections/07_characterizations.tex line 214: Wrong length of dash may have been used.
The ordinary-Gram estimate above shows why large rectangles exclude a large fixed-marginal certificate. The balanced projective-plane certificate is a joint-distribution certificate, not one of these bounded ordinary-Gram ratios. For the flip family, Theorems~\ref{thm:barrier} and~\ref{thm:main} give $\mathfrak J(H_A)=O_\epsilon(\log M)$ while $\dc(H_A)=\Omega(N/\log M)$. This is the promised failure of joint-certificate completeness.  
                                                                                                                                                            ^
Warning 8 in sections/07_characterizations.tex line 214: Wrong length of dash may have been used.
The ordinary-Gram estimate above shows why large rectangles exclude a large fixed-marginal certificate. The balanced projective-plane certificate is a joint-distribution certificate, not one of these bounded ordinary-Gram ratios. For the flip family, Theorems~\ref{thm:barrier} and~\ref{thm:main} give $\mathfrak J(H_A)=O_\epsilon(\log M)$ while $\dc(H_A)=\Omega(N/\log M)$. This is the promised failure of joint-certificate completeness.  
                                                                                                                                                                                                                        ^
Warning 8 in sections/07_characterizations.tex line 214: Wrong length of dash may have been used.
The ordinary-Gram estimate above shows why large rectangles exclude a large fixed-marginal certificate. The balanced projective-plane certificate is a joint-distribution certificate, not one of these bounded ordinary-Gram ratios. For the flip family, Theorems~\ref{thm:barrier} and~\ref{thm:main} give $\mathfrak J(H_A)=O_\epsilon(\log M)$ while $\dc(H_A)=\Omega(N/\log M)$. This is the promised failure of joint-certificate completeness.  
                                                                                                                                                                                                                                                                                                                                                                                                                            ^
Warning 8 in sections/07_characterizations.tex line 217: Wrong length of dash may have been used.
\begin{theorem}[Marginal adaptation, under a small-query budget]\label{thm:adapt}  
                                                  ^
Warning 8 in sections/07_characterizations.tex line 218: Wrong length of dash may have been used.
Let $H_A$ be a flip class at scale $N$ with $M=N^3$, let $m\ge1$ be an integer, and let $0<\tau\le1$ and $0<\epsilon<1/4$. Every deterministic $(m,\tau)$-SQ learner with worst-case query budget $m$ satisfying \eqref{eq:guarantee} obeys  
                                                                                                                                                                               ^
Warning 8 in sections/07_characterizations.tex line 223: Wrong length of dash may have been used.
where $u$ is the marginal-branching depth defined in Theorem~\ref{thm:tree}. In particular, if $\dc(H_A)\ge c_0N/\log M$ for an absolute $c_0>0$, then for any fixed $C>0$, $m\le(\log M)^C$ and all sufficiently large $N$,  
                         ^
Warning 3 in sections/07_characterizations.tex line 223: You should enclose the previous parenthesis with `{}'.
where $u$ is the marginal-branching depth defined in Theorem~\ref{thm:tree}. In particular, if $\dc(H_A)\ge c_0N/\log M$ for an absolute $c_0>0$, then for any fixed $C>0$, $m\le(\log M)^C$ and all sufficiently large $N$,  
                                                                                                                                                                                        ^
Warning 8 in sections/07_characterizations.tex line 227: Wrong length of dash may have been used.
At fixed positive tolerance, the $\Omega(\log N)$ requirement matches the $O_d(\log M)$ marginal-query upper bound of the deterministic finite-net learner, at fixed accuracy.  
                                                                                                ^
Warning 8 in sections/07_characterizations.tex line 227: Wrong length of dash may have been used.
At fixed positive tolerance, the $\Omega(\log N)$ requirement matches the $O_d(\log M)$ marginal-query upper bound of the deterministic finite-net learner, at fixed accuracy.  
                                                                                                                                              ^
Warning 1 in sections/07_characterizations.tex line 230: Command terminated with space.
\noindent Proof: see \cref{proof:adapt}.\par  
         ^
Warning 1 in sections/07_characterizations.tex line 230: Command terminated with space.
\noindent Proof: see \cref{proof:adapt}.\par  
                                            ^
Warning 8 in sections/07_characterizations.tex line 233: Wrong length of dash may have been used.
The query-budget qualification cannot be dropped: querying the correlation with every row is a deterministic correlational learner with $u=0$ and $m=K$. Randomization is not intrinsically necessary for the separation, because the finite-net enumeration is deterministic. What is necessary for a small-query deterministic learner here is adaptation to marginal information. At inverse-polylogarithmic tolerance the proved lower bound loses a $\log\log M$ factor; no sharper matching statement is made.  
         ^
Warning 8 in sections/07_characterizations.tex line 233: Wrong length of dash may have been used.
The query-budget qualification cannot be dropped: querying the correlation with every row is a deterministic correlational learner with $u=0$ and $m=K$. Randomization is not intrinsically necessary for the separation, because the finite-net enumeration is deterministic. What is necessary for a small-query deterministic learner here is adaptation to marginal information. At inverse-polylogarithmic tolerance the proved lower bound loses a $\log\log M$ factor; no sharper matching statement is made.  
                                                                                                                                                                                                                                            ^
Warning 8 in sections/07_characterizations.tex line 233: Wrong length of dash may have been used.
The query-budget qualification cannot be dropped: querying the correlation with every row is a deterministic correlational learner with $u=0$ and $m=K$. Randomization is not intrinsically necessary for the separation, because the finite-net enumeration is deterministic. What is necessary for a small-query deterministic learner here is adaptation to marginal information. At inverse-polylogarithmic tolerance the proved lower bound loses a $\log\log M$ factor; no sharper matching statement is made.  
                                                                                                                                                                                                                                                                                                            ^
Warning 8 in sections/07_characterizations.tex line 233: Wrong length of dash may have been used.
The query-budget qualification cannot be dropped: querying the correlation with every row is a deterministic correlational learner with $u=0$ and $m=K$. Randomization is not intrinsically necessary for the separation, because the finite-net enumeration is deterministic. What is necessary for a small-query deterministic learner here is adaptation to marginal information. At inverse-polylogarithmic tolerance the proved lower bound loses a $\log\log M$ factor; no sharper matching statement is made.  
                                                                                                                                                                                                                                                                                                                                                                                               ^
Warning 8 in sections/07_characterizations.tex line 237: Wrong length of dash may have been used.
Fix $0<\eta<1/2$ and $0<\epsilon<1/4$. Suppose a total sign matrix has approximate sign-rank at most $d$ in the deterministic-embedding sense of \citet{BHKR26}. Put $\bar d=\max\{2,d\}$ and  
                                                                                       ^
Warning 8 in sections/07_characterizations.tex line 237: Wrong length of dash may have been used.
Fix $0<\eta<1/2$ and $0<\epsilon<1/4$. Suppose a total sign matrix has approximate sign-rank at most $d$ in the deterministic-embedding sense of \citet{BHKR26}. Put $\bar d=\max\{2,d\}$ and  
                                                                                                                             ^
Warning 8 in sections/07_characterizations.tex line 247: Wrong length of dash may have been used.
for one distribution-independent learner. Equivalently $\rho_\eta=\bar d^{O_\eta(\bar d^2)}$. The implicit constant depends only on $\eta$.  
                    ^
Warning 1 in sections/07_characterizations.tex line 250: Command terminated with space.
\noindent Proof: see \cref{proof:approxrect}.\par  
         ^
Warning 1 in sections/07_characterizations.tex line 250: Command terminated with space.
\noindent Proof: see \cref{proof:approxrect}.\par  
                                                 ^
Warning 8 in sections/07_characterizations.tex line 254: Wrong length of dash may have been used.
\Cref{tab:examples} collects the bounds. For affine lines, the degree argument in \cref{proof:pgglobal} gives $\rect\ge1/(8p)$. The centered affine incidence matrix has norm $\sqrt p$ by \cref{prop:affine}; under uniform product weights the same bilinear argument gives rectangle mass at most $1/p$. Each affine row has $p$ exceptional labels, so the moment-curve construction of \cref{thm:construction} gives dimension at most $2p+1$. Exhaustively testing row correlations gives the displayed affine upper bound. For parities, the uniform Gram matrix is the identity and the spectral theorem gives dimension at least $2^{n/2}$; exhaustive testing matches the query lower bound at fixed accuracy.  
                                                                                                                                                                                                                                                                                                                                                                     ^
Warning 1 in figures/example_table.tex line 2: Command terminated with space.
\centering\footnotesize  
                       ^
Warning 1 in figures/example_table.tex line 4: Command terminated with space.
\toprule  
        ^
Warning 1 in figures/example_table.tex line 5: Command terminated with space.
Class & Rectangle ratio & Dimension & Bounds on $m/\tau^2$ and certificate\\\midrule  
                                                                                    ^
Warning 8 in figures/example_table.tex line 9: Wrong length of dash may have been used.
Cube halfspaces, odd $n$ & $\le e^{-n/4}$ & $\le n$ & $O(n^5/\epsilon^4)$ upper via bounded-margin optimization.\\  
                                                                                           ^
Warning 1 in figures/example_table.tex line 11: Command terminated with space.
\bottomrule  
           ^
Warning 8 in sections/08_sgd.tex line 2: Wrong length of dash may have been used.
A polynomial-time SQ learner can be simulated by gradient descent on an engineered differentiable model. The simulation charges its computation in the model size. This gives a consequence for the title question of \citet{FKS26}, while keeping the prescribed online-SGD problem separate.  
            ^
Warning 8 in sections/08_sgd.tex line 2: Wrong length of dash may have been used.
A polynomial-time SQ learner can be simulated by gradient descent on an engineered differentiable model. The simulation charges its computation in the model size. This gives a consequence for the title question of \citet{FKS26}, while keeping the prescribed online-SGD problem separate.  
                                                                                                                                                                                                                                                                        ^
Warning 8 in sections/08_sgd.tex line 4: Wrong length of dash may have been used.
\subsection{An engineered gradient-descent corollary}  
                                  ^
Warning 8 in sections/08_sgd.tex line 5: Wrong length of dash may have been used.
The model used by \citet[Theorem~3d]{AKMSS21} is a directed acyclic neural network with $n+1$ inputs, including a constant input, one output, and one trainable weight per edge. Its activation is the piecewise-linear ``two-stage ramp''  
                                                                                                                                                                                                                ^
Warning 8 in sections/08_sgd.tex line 5: Wrong length of dash may have been used.
The model used by \citet[Theorem~3d]{AKMSS21} is a directed acyclic neural network with $n+1$ inputs, including a constant input, one output, and one trainable weight per edge. Its activation is the piecewise-linear ``two-stage ramp''  
                                                                                                                                                                                                                             ^
Warning 8 in sections/08_sgd.tex line 11: Wrong length of dash may have been used.
Initialization is a specified polynomial-time computable map $W:\{0,1\}^r\to\R^p$, rather than an independent Gaussian law. Labels lie in $\{0,1\}$ and the loss is $\tfrac12(f(x)-y)^2$. Full-batch updates reuse one iid sample $S$ of size $m_s$, with a fixed constant step size and  
                                        ^
Warning 3 in sections/08_sgd.tex line 11: You should enclose the previous parenthesis with `{}'.
Initialization is a specified polynomial-time computable map $W:\{0,1\}^r\to\R^p$, rather than an independent Gaussian law. Labels lie in $\{0,1\}$ and the loss is $\tfrac12(f(x)-y)^2$. Full-batch updates reuse one iid sample $S$ of size $m_s$, with a fixed constant step size and  
                                                                     ^^
Warning 3 in sections/08_sgd.tex line 11: You should enclose the previous parenthesis with `{}'.
Initialization is a specified polynomial-time computable map $W:\{0,1\}^r\to\R^p$, rather than an independent Gaussian law. Labels lie in $\{0,1\}$ and the loss is $\tfrac12(f(x)-y)^2$. Full-batch updates reuse one iid sample $S$ of size $m_s$, with a fixed constant step size and  
                                                                                                                                                                                    ^
Warning 8 in sections/08_sgd.tex line 11: Wrong length of dash may have been used.
Initialization is a specified polynomial-time computable map $W:\{0,1\}^r\to\R^p$, rather than an independent Gaussian law. Labels lie in $\{0,1\}$ and the loss is $\tfrac12(f(x)-y)^2$. Full-batch updates reuse one iid sample $S$ of size $m_s$, with a fixed constant step size and  
                                                                                                                                                                                              ^
Warning 8 in sections/08_sgd.tex line 12: Wrong length of dash may have been used.
\begin{equation}\label{eq:engineered-gradient}  
                                    ^
Warning 1 in sections/08_sgd.tex line 13: Command terminated with space.
 \theta_{t+1}=\theta_t-\gamma g_t,\qquad  
                             ^
Warning 1 in sections/08_sgd.tex line 13: Command terminated with space.
 \theta_{t+1}=\theta_t-\gamma g_t,\qquad  
                                        ^
Warning 1 in sections/08_sgd.tex line 14: Command terminated with space.
 g_t\in\lambda\mathbb Z^p\cap[-1,1]^p,\qquad  
                     ^
Warning 1 in sections/08_sgd.tex line 14: Command terminated with space.
 g_t\in\lambda\mathbb Z^p\cap[-1,1]^p,\qquad  
                                            ^
Warning 1 in sections/08_sgd.tex line 15: Command terminated with space.
 \left\|g_t-\frac1{m_s}\sum_{(x,y)\in S}  
                                     ^
Warning 36 in sections/08_sgd.tex line 16: You should put a space in front of parenthesis.
       [\nabla_\theta\tfrac12(f_{\theta_t}(x)-y)^2]_1\right\|_\infty  
                                          ^
Warning 1 in sections/08_sgd.tex line 16: Command terminated with space.
       [\nabla_\theta\tfrac12(f_{\theta_t}(x)-y)^2]_1\right\|_\infty  
                                                                    ^
Warning 3 in sections/08_sgd.tex line 19: You should enclose the previous parenthesis with `{}'.
Here $[\cdot]_1$ denotes coordinatewise clipping to $[-1,1]$. The guarantee is $\E_{S,R}\sup_{(g_t)\ \mathrm{admissible}}L(f_{\theta_{T\prime}})$: expectation over the reused sample and initialization follows the supremum over all admissible rounded-gradient sequences. The supremum may depend on that entire sample. The constructed trajectories are differentiable and have gradient coordinates bounded by one, so clipping leaves them unchanged.  
            ^
Warning 8 in sections/08_sgd.tex line 19: Wrong length of dash may have been used.
Here $[\cdot]_1$ denotes coordinatewise clipping to $[-1,1]$. The guarantee is $\E_{S,R}\sup_{(g_t)\ \mathrm{admissible}}L(f_{\theta_{T\prime}})$: expectation over the reused sample and initialization follows the supremum over all admissible rounded-gradient sequences. The supremum may depend on that entire sample. The constructed trajectories are differentiable and have gradient coordinates bounded by one, so clipping leaves them unchanged.  
                                                                                                                                                                                                                                                         ^
Warning 8 in sections/08_sgd.tex line 22: Wrong length of dash may have been used.
\begin{equation}\label{eq:engineered-parameters}  
                                    ^
Warning 1 in sections/08_sgd.tex line 23: Command terminated with space.
 \lambda=\tau_0/16,\quad T'=2k,\quad  
                        ^
Warning 1 in sections/08_sgd.tex line 23: Command terminated with space.
 \lambda=\tau_0/16,\quad T'=2k,\quad  
                                    ^
Warning 1 in sections/08_sgd.tex line 24: Command terminated with space.
 m_s\lambda^2>C\bigl(k\log(1/\lambda)+\log(1/\delta)\bigr),\quad  
                                                                ^
Warning 36 in sections/08_sgd.tex line 25: You should put a space in front of parenthesis.
 p=\operatorname{poly}(k,1/\tau_0,r,\mathrm{TIME},1/\delta),  
                      ^
Warning 8 in sections/08_sgd.tex line 27: Wrong length of dash may have been used.
whose expected square loss exceeds the SQ algorithm's by at most $\delta$. The constant $C$ is universal. These are the parameters of the full-batch part of that theorem; the sample is not refreshed at each step.  
                                                                                                                                              ^
Warning 3 in sections/08_sgd.tex line 30: You should enclose the previous parenthesis with `{}'.
Assume the PRF hypothesis of \cref{thm:prf}. Fix $c\ge1$ and $0<\epsilon<1/4$. For every sufficiently large admissible encoding length $n$ and every key $s$, the class $H_{A_s}$, encoded on $\{0,1\}^n$, has an engineered neural network and initialization of the form above, each describable and evaluable in $\operatorname{poly}_{c,\epsilon}(n)$ time, with $\operatorname{poly}_{c,\epsilon}(n)$ parameters. After $O(n^2)$ full-batch updates using $\operatorname{poly}_{c,\epsilon}(n)$ examples and the finite-precision gradient rule \eqref{eq:engineered-gradient}, thresholding the final output at $1/2$ has expected classification error at most $\epsilon$ for every marginal and every target in $H_{A_s}$. For all but a negligible fraction of keys,  
                                                                                                                                                                                                    ^^
Warning 8 in sections/08_sgd.tex line 30: Wrong length of dash may have been used.
Assume the PRF hypothesis of \cref{thm:prf}. Fix $c\ge1$ and $0<\epsilon<1/4$. For every sufficiently large admissible encoding length $n$ and every key $s$, the class $H_{A_s}$, encoded on $\{0,1\}^n$, has an engineered neural network and initialization of the form above, each describable and evaluable in $\operatorname{poly}_{c,\epsilon}(n)$ time, with $\operatorname{poly}_{c,\epsilon}(n)$ parameters. After $O(n^2)$ full-batch updates using $\operatorname{poly}_{c,\epsilon}(n)$ examples and the finite-precision gradient rule \eqref{eq:engineered-gradient}, thresholding the final output at $1/2$ has expected classification error at most $\epsilon$ for every marginal and every target in $H_{A_s}$. For all but a negligible fraction of keys,  
                                                                                                                                                                                                                                                                                                                                                                                                                                          ^
Warning 8 in sections/08_sgd.tex line 30: Wrong length of dash may have been used.
Assume the PRF hypothesis of \cref{thm:prf}. Fix $c\ge1$ and $0<\epsilon<1/4$. For every sufficiently large admissible encoding length $n$ and every key $s$, the class $H_{A_s}$, encoded on $\{0,1\}^n$, has an engineered neural network and initialization of the form above, each describable and evaluable in $\operatorname{poly}_{c,\epsilon}(n)$ time, with $\operatorname{poly}_{c,\epsilon}(n)$ parameters. After $O(n^2)$ full-batch updates using $\operatorname{poly}_{c,\epsilon}(n)$ examples and the finite-precision gradient rule \eqref{eq:engineered-gradient}, thresholding the final output at $1/2$ has expected classification error at most $\epsilon$ for every marginal and every target in $H_{A_s}$. For all but a negligible fraction of keys,  
                                                                                                                                                                                                                                                                                                                                                                                                                                                                                                                            ^
Warning 8 in sections/08_sgd.tex line 30: Wrong length of dash may have been used.
Assume the PRF hypothesis of \cref{thm:prf}. Fix $c\ge1$ and $0<\epsilon<1/4$. For every sufficiently large admissible encoding length $n$ and every key $s$, the class $H_{A_s}$, encoded on $\{0,1\}^n$, has an engineered neural network and initialization of the form above, each describable and evaluable in $\operatorname{poly}_{c,\epsilon}(n)$ time, with $\operatorname{poly}_{c,\epsilon}(n)$ parameters. After $O(n^2)$ full-batch updates using $\operatorname{poly}_{c,\epsilon}(n)$ examples and the finite-precision gradient rule \eqref{eq:engineered-gradient}, thresholding the final output at $1/2$ has expected classification error at most $\epsilon$ for every marginal and every target in $H_{A_s}$. For all but a negligible fraction of keys,  
                                                                                                                                                                                                                                                                                                                                                                                                                                                                                                                                                                         ^
Warning 8 in sections/08_sgd.tex line 37: Wrong length of dash may have been used.
Use the deterministic improper order-median learner of \cref{thm:fast} at accuracy $\epsilon/8$. It works for every key with $k=O(n^2)$ queries, tolerance $\Omega(\epsilon)$, and polynomial running time including query evaluation. Recode its labels and predictions from $\{-1,+1\}$ to $\{0,1\}$. Its square loss is half its classification loss, hence at most $\epsilon/16$ against every valid response sequence. A dyadic tolerance $\tau_0$ within a factor two of the advertised one preserves this guarantee and the asymptotic bounds.  
                                    ^
Warning 8 in sections/08_sgd.tex line 39: Wrong length of dash may have been used.
Give the deterministic source learner one ignored random bit and apply \eqref{eq:engineered-parameters} with $r=1$ and $\delta=\epsilon/16$. Its initialization map may ignore this bit as well. The sample size and model size are polynomial in $n$ for fixed $c,\epsilon$, and the expected final square loss is at most $\epsilon/8$. A thresholding mistake implies $|f(x)-y|\ge1/2$ and therefore square loss at least $1/8$. The expected classification loss is at most $\epsilon$. The PRF sign-rank conclusion is \cref{thm:prf}; it is independent of the simulation. The deterministic source learner satisfies the simulation's supremum-over-responses premise without exchanging a supremum and an expectation.  
                                                                                           ^
Warning 8 in sections/08_sgd.tex line 39: Wrong length of dash may have been used.
Give the deterministic source learner one ignored random bit and apply \eqref{eq:engineered-parameters} with $r=1$ and $\delta=\epsilon/16$. Its initialization map may ignore this bit as well. The sample size and model size are polynomial in $n$ for fixed $c,\epsilon$, and the expected final square loss is at most $\epsilon/8$. A thresholding mistake implies $|f(x)-y|\ge1/2$ and therefore square loss at least $1/8$. The expected classification loss is at most $\epsilon$. The PRF sign-rank conclusion is \cref{thm:prf}; it is independent of the simulation. The deterministic source learner satisfies the simulation's supremum-over-responses premise without exchanging a supremum and an expectation.  
                                                                                                                                                                                                                                                                                                                                                                                                                                                                                                        ^
Warning 8 in sections/08_sgd.tex line 39: Wrong length of dash may have been used.
Give the deterministic source learner one ignored random bit and apply \eqref{eq:engineered-parameters} with $r=1$ and $\delta=\epsilon/16$. Its initialization map may ignore this bit as well. The sample size and model size are polynomial in $n$ for fixed $c,\epsilon$, and the expected final square loss is at most $\epsilon/8$. A thresholding mistake implies $|f(x)-y|\ge1/2$ and therefore square loss at least $1/8$. The expected classification loss is at most $\epsilon$. The PRF sign-rank conclusion is \cref{thm:prf}; it is independent of the simulation. The deterministic source learner satisfies the simulation's supremum-over-responses premise without exchanging a supremum and an expectation.  
                                                                                                                                                                                                                                                                                                                                                                                                                                                                                                                                                                                                                                                     ^
Warning 8 in sections/08_sgd.tex line 39: Wrong length of dash may have been used.
Give the deterministic source learner one ignored random bit and apply \eqref{eq:engineered-parameters} with $r=1$ and $\delta=\epsilon/16$. Its initialization map may ignore this bit as well. The sample size and model size are polynomial in $n$ for fixed $c,\epsilon$, and the expected final square loss is at most $\epsilon/8$. A thresholding mistake implies $|f(x)-y|\ge1/2$ and therefore square loss at least $1/8$. The expected classification loss is at most $\epsilon$. The PRF sign-rank conclusion is \cref{thm:prf}; it is independent of the simulation. The deterministic source learner satisfies the simulation's supremum-over-responses premise without exchanging a supremum and an expectation.  
                                                                                                                                                                                                                                                                                                                                                                                                                                                                                                                                                                                                                                                          ^
Warning 8 in sections/08_sgd.tex line 42: Wrong length of dash may have been used.
The activation, architecture and initialization are engineered, and model size charges the simulated computation. In particular, the polynomial degree in the size bound can depend on $c$. The corollary establishes gradient-based distribution-independent learning of the class; it does not assert a superpolynomial separation between dimension and the size of this particular network.  
                                                                                                                                                                                                                              ^
Warning 8 in sections/08_sgd.tex line 42: Wrong length of dash may have been used.
The activation, architecture and initialization are engineered, and model size charges the simulated computation. In particular, the polynomial degree in the size bound can depend on $c$. The corollary establishes gradient-based distribution-independent learning of the class; it does not assert a superpolynomial separation between dimension and the size of this particular network.  
                                                                                                                                                                                                                                                 ^
Warning 8 in sections/08_sgd.tex line 44: Wrong length of dash may have been used.
\subsection{The prescribed online-SGD question}  
                                 ^
Warning 3 in sections/08_sgd.tex line 45: You should enclose the previous parenthesis with `{}'.
For comparison, the remaining question fixes $X=\{-1,+1\}^n$ and a fully connected bias-free ReLU network  
                                                       ^^
Warning 8 in sections/08_sgd.tex line 45: Wrong length of dash may have been used.
For comparison, the remaining question fixes $X=\{-1,+1\}^n$ and a fully connected bias-free ReLU network  
                                                                                       ^
Warning 8 in sections/08_sgd.tex line 62: Wrong length of dash may have been used.
A population-gradient method with $S$ coordinates, $T$ calls, per-example coordinate bound $B_g$ and adversarial Euclidean tolerance $\delta$ has an SQ simulation with  
            ^
Warning 8 in sections/08_sgd.tex line 62: Wrong length of dash may have been used.
A population-gradient method with $S$ coordinates, $T$ calls, per-example coordinate bound $B_g$ and adversarial Euclidean tolerance $\delta$ has an SQ simulation with  
                                                                 ^
Warning 8 in sections/08_sgd.tex line 66: Wrong length of dash may have been used.
Query each gradient coordinate divided by $B_g$. After rescaling, each error is at most $\delta/\sqrt S$, so the total squared error is at most $\delta^2$. Induction over the calls proves the simulation. Conversely, the adaptive objective $J_q(t;x,y)=tq(x,y)$ has derivative $\E q$. These observations concern gradient-oracle models. A sampled online gradient need not lie in a prescribed small ball about the population gradient, and its sampling-law guarantee does not imply success against every perturbation in that ball; see also \citet{FGV21,AKMSS21}.  
                                                                                                                                                                                                                                                                                                                              ^
Warning 8 in sections/08_sgd.tex line 66: Wrong length of dash may have been used.
Query each gradient coordinate divided by $B_g$. After rescaling, each error is at most $\delta/\sqrt S$, so the total squared error is at most $\delta^2$. Induction over the calls proves the simulation. Conversely, the adaptive objective $J_q(t;x,y)=tq(x,y)$ has derivative $\E q$. These observations concern gradient-oracle models. A sampled online gradient need not lie in a prescribed small ball about the population gradient, and its sampling-law guarantee does not imply success against every perturbation in that ball; see also \citet{FGV21,AKMSS21}.  
                                                                                                                                                                                                                                                                                                                                                                                                                                                               ^
Warning 8 in sections/08_sgd.tex line 68: Wrong length of dash may have been used.
\begin{proposition}[A bias-free ReLU representation]\label{thm:network}  
                          ^
Warning 8 in sections/08_sgd.tex line 69: Wrong length of dash may have been used.
Pad the grid domain to a cube of dimension $n=\lceil\log_2(2N^3)\rceil$, giving every padding point label $+1$. Every member is represented exactly by a bias-free ReLU network with widths $(n,2n,N+1,1)$ and at most  
                                                                                                                                                             ^
Warning 1 in sections/08_sgd.tex line 76: Command terminated with space.
\noindent Proof: see \cref{proof:network}.\par  
         ^
Warning 1 in sections/08_sgd.tex line 76: Command terminated with space.
\noindent Proof: see \cref{proof:network}.\par  
                                              ^
Warning 8 in sections/08_sgd.tex line 78: Wrong length of dash may have been used.
A fixed $b$-bit-per-weight architecture has at most $2^{bS}$ parameter choices. Representing all $2^N$ independent labelings of a fixed line in such an architecture would require $bS\ge N$. Unrestricted real weights have no fixed bit budget, so this finite-precision count does not give a lower bound for every real-weight representation of an individual row.  
               ^
Warning 8 in sections/08_sgd.tex line 78: Wrong length of dash may have been used.
A fixed $b$-bit-per-weight architecture has at most $2^{bS}$ parameter choices. Representing all $2^N$ independent labelings of a fixed line in such an architecture would require $bS\ge N$. Unrestricted real weights have no fixed bit budget, so this finite-precision count does not give a lower bound for every real-weight representation of an individual row.  
                   ^
Warning 8 in sections/08_sgd.tex line 78: Wrong length of dash may have been used.
A fixed $b$-bit-per-weight architecture has at most $2^{bS}$ parameter choices. Representing all $2^N$ independent labelings of a fixed line in such an architecture would require $bS\ge N$. Unrestricted real weights have no fixed bit budget, so this finite-precision count does not give a lower bound for every real-weight representation of an individual row.  
                                                                                                                                                                                                                                                                ^
Warning 8 in sections/08_sgd.tex line 78: Wrong length of dash may have been used.
A fixed $b$-bit-per-weight architecture has at most $2^{bS}$ parameter choices. Representing all $2^N$ independent labelings of a fixed line in such an architecture would require $bS\ge N$. Unrestricted real weights have no fixed bit budget, so this finite-precision count does not give a lower bound for every real-weight representation of an individual row.  
                                                                                                                                                                                                                                                                                                                           ^
Warning 8 in sections/08_sgd.tex line 81: Wrong length of dash may have been used.
Fix the full-length template line $\ell_0:y=x+1$ and its uniform point distribution. \Cref{prop:unseen} proves a sample lower bound for a single learner independent of a random table, even when that learner is told $\ell_0$ and the marginal. The missing information is the unobserved label pattern. The computational analogue concerns a hidden PRF key.  
            ^
Warning 8 in sections/08_sgd.tex line 83: Wrong length of dash may have been used.
\begin{proposition}[Hidden-key computational hardness]\label{prop:hiddenkey}  
                          ^
Warning 8 in sections/08_sgd.tex line 84: Wrong length of dash may have been used.
Under the PRF assumption of Theorem~\ref{thm:prf}, no probabilistic polynomial-time learner independent of $s$, with a polynomial-time evaluable output and only polynomially many labeled samples from the uniform distribution on $\ell_0$, has average error at most $1/2-\gamma(n)$ for uniform $s$, where $\gamma(n)\ge1/\operatorname{poly}(n)$. More precisely, a learner with $q(n)$ samples and advantage $\gamma(n)$ gives a PRF distinguisher of advantage at least  
                                                                              ^
Warning 8 in sections/08_sgd.tex line 84: Wrong length of dash may have been used.
Under the PRF assumption of Theorem~\ref{thm:prf}, no probabilistic polynomial-time learner independent of $s$, with a polynomial-time evaluable output and only polynomially many labeled samples from the uniform distribution on $\ell_0$, has average error at most $1/2-\gamma(n)$ for uniform $s$, where $\gamma(n)\ge1/\operatorname{poly}(n)$. More precisely, a learner with $q(n)$ samples and advantage $\gamma(n)$ gives a PRF distinguisher of advantage at least  
                                                                                                                                 ^
Warning 1 in sections/08_sgd.tex line 90: Command terminated with space.
\noindent Proof: see \cref{proof:hiddenkey}.\par  
         ^
Warning 1 in sections/08_sgd.tex line 90: Command terminated with space.
\noindent Proof: see \cref{proof:hiddenkey}.\par  
                                                ^
Warning 8 in sections/08_sgd.tex line 92: Wrong length of dash may have been used.
A guarantee for every key, or for all but a negligible fraction of keys, implies the average guarantee ruled out by \cref{prop:hiddenkey}. The original online-SGD formulation permits architecture, step size and horizon to depend on the class. Gaussian initialization alone does not remove that dependence. Thus the hidden-key reduction applies to key-independent finite-time procedures, rather than to every class-dependent design allowed in Open Question 1. A negative answer to that question requires a small compatible network and an analysis of the specified dynamics under every marginal.  
                                                                                                                                                              ^
Warning 8 in sections/08_sgd.tex line 92: Wrong length of dash may have been used.
A guarantee for every key, or for all but a negligible fraction of keys, implies the average guarantee ruled out by \cref{prop:hiddenkey}. The original online-SGD formulation permits architecture, step size and horizon to depend on the class. Gaussian initialization alone does not remove that dependence. Thus the hidden-key reduction applies to key-independent finite-time procedures, rather than to every class-dependent design allowed in Open Question 1. A negative answer to that question requires a small compatible network and an analysis of the specified dynamics under every marginal.  
                                                                                                                                                                                                                                                                                                                                 ^
Warning 8 in sections/08_sgd.tex line 92: Wrong length of dash may have been used.
A guarantee for every key, or for all but a negligible fraction of keys, implies the average guarantee ruled out by \cref{prop:hiddenkey}. The original online-SGD formulation permits architecture, step size and horizon to depend on the class. Gaussian initialization alone does not remove that dependence. Thus the hidden-key reduction applies to key-independent finite-time procedures, rather than to every class-dependent design allowed in Open Question 1. A negative answer to that question requires a small compatible network and an analysis of the specified dynamics under every marginal.  
                                                                                                                                                                                                                                                                                                                                                              ^
Warning 8 in sections/08_sgd.tex line 92: Wrong length of dash may have been used.
A guarantee for every key, or for all but a negligible fraction of keys, implies the average guarantee ruled out by \cref{prop:hiddenkey}. The original online-SGD formulation permits architecture, step size and horizon to depend on the class. Gaussian initialization alone does not remove that dependence. Thus the hidden-key reduction applies to key-independent finite-time procedures, rather than to every class-dependent design allowed in Open Question 1. A negative answer to that question requires a small compatible network and an analysis of the specified dynamics under every marginal.  
                                                                                                                                                                                                                                                                                                                                                                                 ^
Warning 8 in sections/08_sgd.tex line 92: Wrong length of dash may have been used.
A guarantee for every key, or for all but a negligible fraction of keys, implies the average guarantee ruled out by \cref{prop:hiddenkey}. The original online-SGD formulation permits architecture, step size and horizon to depend on the class. Gaussian initialization alone does not remove that dependence. Thus the hidden-key reduction applies to key-independent finite-time procedures, rather than to every class-dependent design allowed in Open Question 1. A negative answer to that question requires a small compatible network and an analysis of the specified dynamics under every marginal.  
                                                                                                                                                                                                                                                                                                                                                                                                                             ^
Warning 8 in sections/09_related.tex line 3: Wrong length of dash may have been used.
Statistical-query learning accesses bounded expectations rather than individual examples \citep{Kearns98}. Feldman's randomized search characterization supplies a general dimension of this access model \citep{Feldman17}; our use of it is confined to Appendix~\ref{sec:rsd}. The question of \citet{FKS26} asks whether one learner serving every marginal must admit a common low-dimensional linear representation. Our rectangle learner answers negatively without invoking the characterization. Euclidean representation complexity originates in \citet{BDES02}; probabilistic and approximate versions were developed by \citet{CMW25} and \citet{KMS20}. The exact and averaged variants require the distinct reductions in \cref{thm:prob,lem:exact-prob}. In particular, uniform approximation on the sparse random matrix would not prove the averaged-dimension lower bound.  
           ^
Warning 8 in sections/09_related.tex line 3: Wrong length of dash may have been used.
Statistical-query learning accesses bounded expectations rather than individual examples \citep{Kearns98}. Feldman's randomized search characterization supplies a general dimension of this access model \citep{Feldman17}; our use of it is confined to Appendix~\ref{sec:rsd}. The question of \citet{FKS26} asks whether one learner serving every marginal must admit a common low-dimensional linear representation. Our rectangle learner answers negatively without invoking the characterization. Euclidean representation complexity originates in \citet{BDES02}; probabilistic and approximate versions were developed by \citet{CMW25} and \citet{KMS20}. The exact and averaged variants require the distinct reductions in \cref{thm:prob,lem:exact-prob}. In particular, uniform approximation on the sparse random matrix would not prove the averaged-dimension lower bound.  
                                                                                                                                                                                                                                                                                                                                                                                       ^
Warning 8 in sections/09_related.tex line 3: Wrong length of dash may have been used.
Statistical-query learning accesses bounded expectations rather than individual examples \citep{Kearns98}. Feldman's randomized search characterization supplies a general dimension of this access model \citep{Feldman17}; our use of it is confined to Appendix~\ref{sec:rsd}. The question of \citet{FKS26} asks whether one learner serving every marginal must admit a common low-dimensional linear representation. Our rectangle learner answers negatively without invoking the characterization. Euclidean representation complexity originates in \citet{BDES02}; probabilistic and approximate versions were developed by \citet{CMW25} and \citet{KMS20}. The exact and averaged variants require the distinct reductions in \cref{thm:prob,lem:exact-prob}. In particular, uniform approximation on the sparse random matrix would not prove the averaged-dimension lower bound.  
                                                                                                                                                                                                                                                                                                                                                                                                                                                                                                                                                                                                                                                                                                                                                                  ^
Warning 8 in sections/09_related.tex line 3: Wrong length of dash may have been used.
Statistical-query learning accesses bounded expectations rather than individual examples \citep{Kearns98}. Feldman's randomized search characterization supplies a general dimension of this access model \citep{Feldman17}; our use of it is confined to Appendix~\ref{sec:rsd}. The question of \citet{FKS26} asks whether one learner serving every marginal must admit a common low-dimensional linear representation. Our rectangle learner answers negatively without invoking the characterization. Euclidean representation complexity originates in \citet{BDES02}; probabilistic and approximate versions were developed by \citet{CMW25} and \citet{KMS20}. The exact and averaged variants require the distinct reductions in \cref{thm:prob,lem:exact-prob}. In particular, uniform approximation on the sparse random matrix would not prove the averaged-dimension lower bound.  
                                                                                                                                                                                                                                                                                                                                                                                                                                                                                                                                                                                                                                                                                                                                                                                                                                                                       ^
Warning 8 in sections/09_related.tex line 6: Wrong length of dash may have been used.
The source note records a margin-complexity characterization of distribution-independent weak correlational learning \citep[Section~3]{FKS26}, citing \citet{Feldman08}. Strong correlational learning is more restrictive: \citet{Feldman11} proves hardness for conjunctions at vanishing target error. These two accuracy regimes are distinct. General SQ halfspace algorithms use rescaling and marginal information \citep{DV04,BF13}. The rescaling simulation depends polynomially on dimension, inverse accuracy and the logarithm of the inverse margin; finite-grid margin bounds control the latter through coordinate bit complexity \citep{GSS13}. The negative result here concerns reversing the implication without requiring a low-dimensional or bounded-margin representation.  
                                ^
Warning 8 in sections/09_related.tex line 6: Wrong length of dash may have been used.
The source note records a margin-complexity characterization of distribution-independent weak correlational learning \citep[Section~3]{FKS26}, citing \citet{Feldman08}. Strong correlational learning is more restrictive: \citet{Feldman11} proves hardness for conjunctions at vanishing target error. These two accuracy regimes are distinct. General SQ halfspace algorithms use rescaling and marginal information \citep{DV04,BF13}. The rescaling simulation depends polynomially on dimension, inverse accuracy and the logarithm of the inverse margin; finite-grid margin bounds control the latter through coordinate bit complexity \citep{GSS13}. The negative result here concerns reversing the implication without requiring a low-dimensional or bounded-margin representation.  
                                                                            ^
Warning 8 in sections/09_related.tex line 6: Wrong length of dash may have been used.
The source note records a margin-complexity characterization of distribution-independent weak correlational learning \citep[Section~3]{FKS26}, citing \citet{Feldman08}. Strong correlational learning is more restrictive: \citet{Feldman11} proves hardness for conjunctions at vanishing target error. These two accuracy regimes are distinct. General SQ halfspace algorithms use rescaling and marginal information \citep{DV04,BF13}. The rescaling simulation depends polynomially on dimension, inverse accuracy and the logarithm of the inverse margin; finite-grid margin bounds control the latter through coordinate bit complexity \citep{GSS13}. The negative result here concerns reversing the implication without requiring a low-dimensional or bounded-margin representation.  
                                                                                                                                                                                                                                                                                                                                                                                                                                                                                                                                                                         ^
Warning 8 in sections/09_related.tex line 6: Wrong length of dash may have been used.
The source note records a margin-complexity characterization of distribution-independent weak correlational learning \citep[Section~3]{FKS26}, citing \citet{Feldman08}. Strong correlational learning is more restrictive: \citet{Feldman11} proves hardness for conjunctions at vanishing target error. These two accuracy regimes are distinct. General SQ halfspace algorithms use rescaling and marginal information \citep{DV04,BF13}. The rescaling simulation depends polynomially on dimension, inverse accuracy and the logarithm of the inverse margin; finite-grid margin bounds control the latter through coordinate bit complexity \citep{GSS13}. The negative result here concerns reversing the implication without requiring a low-dimensional or bounded-margin representation.  
                                                                                                                                                                                                                                                                                                                                                                                                                                                                                                                                                                                                                                                                                                                                                    ^
Warning 8 in sections/09_related.tex line 6: Wrong length of dash may have been used.
The source note records a margin-complexity characterization of distribution-independent weak correlational learning \citep[Section~3]{FKS26}, citing \citet{Feldman08}. Strong correlational learning is more restrictive: \citet{Feldman11} proves hardness for conjunctions at vanishing target error. These two accuracy regimes are distinct. General SQ halfspace algorithms use rescaling and marginal information \citep{DV04,BF13}. The rescaling simulation depends polynomially on dimension, inverse accuracy and the logarithm of the inverse margin; finite-grid margin bounds control the latter through coordinate bit complexity \citep{GSS13}. The negative result here concerns reversing the implication without requiring a low-dimensional or bounded-margin representation.  
                                                                                                                                                                                                                                                                                                                                                                                                                                                                                                                                                                                                                                                                                                                                                                           ^
Warning 8 in sections/09_related.tex line 8: Wrong length of dash may have been used.
\paragraph{Prior random-feature bounds.}  
                       ^
Warning 8 in sections/09_related.tex line 9: Wrong length of dash may have been used.
\citet{KM25} study approximate dimension complexity, random features and distribution-free differentiable learning. The source note states that their claimed upper bounds do not hold, attributing the correction to a 2026 personal communication from those authors \citep[Section~3]{FKS26}. The probabilistic statement in \cref{cor:negative-answer} fixes one embedding law before both the target and marginal. Under these quantifiers it rules out an unrestricted polynomial bound from common SQ learnability to the nondegenerate averaged dimension. This comparison is about the precisely stated implication, rather than an alternative marginal-dependent random-feature distribution.  
                                                                                     ^
Warning 8 in sections/09_related.tex line 9: Wrong length of dash may have been used.
\citet{KM25} study approximate dimension complexity, random features and distribution-free differentiable learning. The source note states that their claimed upper bounds do not hold, attributing the correction to a 2026 personal communication from those authors \citep[Section~3]{FKS26}. The probabilistic statement in \cref{cor:negative-answer} fixes one embedding law before both the target and marginal. Under these quantifiers it rules out an unrestricted polynomial bound from common SQ learnability to the nondegenerate averaged dimension. This comparison is about the precisely stated implication, rather than an alternative marginal-dependent random-feature distribution.  
                                                                                                                                                                                                                                                                                                                                                  ^
Warning 8 in sections/09_related.tex line 9: Wrong length of dash may have been used.
\citet{KM25} study approximate dimension complexity, random features and distribution-free differentiable learning. The source note states that their claimed upper bounds do not hold, attributing the correction to a 2026 personal communication from those authors \citep[Section~3]{FKS26}. The probabilistic statement in \cref{cor:negative-answer} fixes one embedding law before both the target and marginal. Under these quantifiers it rules out an unrestricted polynomial bound from common SQ learnability to the nondegenerate averaged dimension. This comparison is about the precisely stated implication, rather than an alternative marginal-dependent random-feature distribution.  
                                                                                                                                                                                                                                                                                                                                                                                                                                                                                                                                                                                                                                                                 ^
Warning 8 in sections/09_related.tex line 9: Wrong length of dash may have been used.
\citet{KM25} study approximate dimension complexity, random features and distribution-free differentiable learning. The source note states that their claimed upper bounds do not hold, attributing the correction to a 2026 personal communication from those authors \citep[Section~3]{FKS26}. The probabilistic statement in \cref{cor:negative-answer} fixes one embedding law before both the target and marginal. Under these quantifiers it rules out an unrestricted polynomial bound from common SQ learnability to the nondegenerate averaged dimension. This comparison is about the precisely stated implication, rather than an alternative marginal-dependent random-feature distribution.  
                                                                                                                                                                                                                                                                                                                                                                                                                                                                                                                                                                                                                                                                                  ^
Warning 8 in sections/09_related.tex line 11: Wrong length of dash may have been used.
\paragraph{Sign-rank, margin and geometry.}  
               ^
Warning 8 in sections/09_related.tex line 12: Wrong length of dash may have been used.
Forster's normalization method provides spectral lower bounds \citep{Forster02}. The construction and the separation between sign-rank, VC dimension, average margin and rectangle ratio are due to \citet{HHPTZ22}, building on \citet{AMY16}. We import their grid construction and Warren's general strict-pattern theorem \citep{Warren68}; we derive the application-specific counting and probabilistic lower bounds. The homogeneous-rectangle theorem of \citet{APP05} is used only to sharpen the inverse rectangle constant to $2^{15}$. Our cap proof supplies an independent dimension-dependent constant. The minimax rectangle-mixture idea occurs in the average-margin argument of \citet[Theorem~3.1]{HHPTZ22}; the new step here is its adversarial-oracle peeling/elimination analysis and bounded query budget. Approximate Forster transforms are prior algorithmic work \citep{DKT22}; Appendix~\ref{app:convex} gives the fixed-dimensional implementation needed here.  
                                                                                                                                 ^
Warning 8 in sections/09_related.tex line 12: Wrong length of dash may have been used.
Forster's normalization method provides spectral lower bounds \citep{Forster02}. The construction and the separation between sign-rank, VC dimension, average margin and rectangle ratio are due to \citet{HHPTZ22}, building on \citet{AMY16}. We import their grid construction and Warren's general strict-pattern theorem \citep{Warren68}; we derive the application-specific counting and probabilistic lower bounds. The homogeneous-rectangle theorem of \citet{APP05} is used only to sharpen the inverse rectangle constant to $2^{15}$. Our cap proof supplies an independent dimension-dependent constant. The minimax rectangle-mixture idea occurs in the average-margin argument of \citet[Theorem~3.1]{HHPTZ22}; the new step here is its adversarial-oracle peeling/elimination analysis and bounded query budget. Approximate Forster transforms are prior algorithmic work \citep{DKT22}; Appendix~\ref{app:convex} gives the fixed-dimensional implementation needed here.  
                                                                                                                                                                                                                                                                                                             ^
Warning 8 in sections/09_related.tex line 12: Wrong length of dash may have been used.
Forster's normalization method provides spectral lower bounds \citep{Forster02}. The construction and the separation between sign-rank, VC dimension, average margin and rectangle ratio are due to \citet{HHPTZ22}, building on \citet{AMY16}. We import their grid construction and Warren's general strict-pattern theorem \citep{Warren68}; we derive the application-specific counting and probabilistic lower bounds. The homogeneous-rectangle theorem of \citet{APP05} is used only to sharpen the inverse rectangle constant to $2^{15}$. Our cap proof supplies an independent dimension-dependent constant. The minimax rectangle-mixture idea occurs in the average-margin argument of \citet[Theorem~3.1]{HHPTZ22}; the new step here is its adversarial-oracle peeling/elimination analysis and bounded query budget. Approximate Forster transforms are prior algorithmic work \citep{DKT22}; Appendix~\ref{app:convex} gives the fixed-dimensional implementation needed here.  
                                                                                                                                                                                                                                                                                                                                                                         ^
Warning 8 in sections/09_related.tex line 12: Wrong length of dash may have been used.
Forster's normalization method provides spectral lower bounds \citep{Forster02}. The construction and the separation between sign-rank, VC dimension, average margin and rectangle ratio are due to \citet{HHPTZ22}, building on \citet{AMY16}. We import their grid construction and Warren's general strict-pattern theorem \citep{Warren68}; we derive the application-specific counting and probabilistic lower bounds. The homogeneous-rectangle theorem of \citet{APP05} is used only to sharpen the inverse rectangle constant to $2^{15}$. Our cap proof supplies an independent dimension-dependent constant. The minimax rectangle-mixture idea occurs in the average-margin argument of \citet[Theorem~3.1]{HHPTZ22}; the new step here is its adversarial-oracle peeling/elimination analysis and bounded query budget. Approximate Forster transforms are prior algorithmic work \citep{DKT22}; Appendix~\ref{app:convex} gives the fixed-dimensional implementation needed here.  
                                                                                                                                                                                                                                                                                                                                                                                                                                           ^
Warning 8 in sections/09_related.tex line 12: Wrong length of dash may have been used.
Forster's normalization method provides spectral lower bounds \citep{Forster02}. The construction and the separation between sign-rank, VC dimension, average margin and rectangle ratio are due to \citet{HHPTZ22}, building on \citet{AMY16}. We import their grid construction and Warren's general strict-pattern theorem \citep{Warren68}; we derive the application-specific counting and probabilistic lower bounds. The homogeneous-rectangle theorem of \citet{APP05} is used only to sharpen the inverse rectangle constant to $2^{15}$. Our cap proof supplies an independent dimension-dependent constant. The minimax rectangle-mixture idea occurs in the average-margin argument of \citet[Theorem~3.1]{HHPTZ22}; the new step here is its adversarial-oracle peeling/elimination analysis and bounded query budget. Approximate Forster transforms are prior algorithmic work \citep{DKT22}; Appendix~\ref{app:convex} gives the fixed-dimensional implementation needed here.  
                                                                                                                                                                                                                                                                                                                                                                                                                                                                                                                                                                                                  ^
Warning 8 in sections/09_related.tex line 12: Wrong length of dash may have been used.
Forster's normalization method provides spectral lower bounds \citep{Forster02}. The construction and the separation between sign-rank, VC dimension, average margin and rectangle ratio are due to \citet{HHPTZ22}, building on \citet{AMY16}. We import their grid construction and Warren's general strict-pattern theorem \citep{Warren68}; we derive the application-specific counting and probabilistic lower bounds. The homogeneous-rectangle theorem of \citet{APP05} is used only to sharpen the inverse rectangle constant to $2^{15}$. Our cap proof supplies an independent dimension-dependent constant. The minimax rectangle-mixture idea occurs in the average-margin argument of \citet[Theorem~3.1]{HHPTZ22}; the new step here is its adversarial-oracle peeling/elimination analysis and bounded query budget. Approximate Forster transforms are prior algorithmic work \citep{DKT22}; Appendix~\ref{app:convex} gives the fixed-dimensional implementation needed here.  
                                                                                                                                                                                                                                                                                                                                                                                                                                                                                                                                                                                                                                            ^
Warning 8 in sections/09_related.tex line 12: Wrong length of dash may have been used.
Forster's normalization method provides spectral lower bounds \citep{Forster02}. The construction and the separation between sign-rank, VC dimension, average margin and rectangle ratio are due to \citet{HHPTZ22}, building on \citet{AMY16}. We import their grid construction and Warren's general strict-pattern theorem \citep{Warren68}; we derive the application-specific counting and probabilistic lower bounds. The homogeneous-rectangle theorem of \citet{APP05} is used only to sharpen the inverse rectangle constant to $2^{15}$. Our cap proof supplies an independent dimension-dependent constant. The minimax rectangle-mixture idea occurs in the average-margin argument of \citet[Theorem~3.1]{HHPTZ22}; the new step here is its adversarial-oracle peeling/elimination analysis and bounded query budget. Approximate Forster transforms are prior algorithmic work \citep{DKT22}; Appendix~\ref{app:convex} gives the fixed-dimensional implementation needed here.  
                                                                                                                                                                                                                                                                                                                                                                                                                                                                                                                                                                                                                                                                               ^
Warning 8 in sections/09_related.tex line 12: Wrong length of dash may have been used.
Forster's normalization method provides spectral lower bounds \citep{Forster02}. The construction and the separation between sign-rank, VC dimension, average margin and rectangle ratio are due to \citet{HHPTZ22}, building on \citet{AMY16}. We import their grid construction and Warren's general strict-pattern theorem \citep{Warren68}; we derive the application-specific counting and probabilistic lower bounds. The homogeneous-rectangle theorem of \citet{APP05} is used only to sharpen the inverse rectangle constant to $2^{15}$. Our cap proof supplies an independent dimension-dependent constant. The minimax rectangle-mixture idea occurs in the average-margin argument of \citet[Theorem~3.1]{HHPTZ22}; the new step here is its adversarial-oracle peeling/elimination analysis and bounded query budget. Approximate Forster transforms are prior algorithmic work \citep{DKT22}; Appendix~\ref{app:convex} gives the fixed-dimensional implementation needed here.  
                                                                                                                                                                                                                                                                                                                                                                                                                                                                                                                                                                                                                                                                                                                                                                     ^
Warning 8 in sections/09_related.tex line 12: Wrong length of dash may have been used.
Forster's normalization method provides spectral lower bounds \citep{Forster02}. The construction and the separation between sign-rank, VC dimension, average margin and rectangle ratio are due to \citet{HHPTZ22}, building on \citet{AMY16}. We import their grid construction and Warren's general strict-pattern theorem \citep{Warren68}; we derive the application-specific counting and probabilistic lower bounds. The homogeneous-rectangle theorem of \citet{APP05} is used only to sharpen the inverse rectangle constant to $2^{15}$. Our cap proof supplies an independent dimension-dependent constant. The minimax rectangle-mixture idea occurs in the average-margin argument of \citet[Theorem~3.1]{HHPTZ22}; the new step here is its adversarial-oracle peeling/elimination analysis and bounded query budget. Approximate Forster transforms are prior algorithmic work \citep{DKT22}; Appendix~\ref{app:convex} gives the fixed-dimensional implementation needed here.  
                                                                                                                                                                                                                                                                                                                                                                                                                                                                                                                                                                                                                                                                                                                                                                                                                                                                                                                                                      ^
Warning 8 in sections/09_related.tex line 14: Wrong length of dash may have been used.
\paragraph{The finite-field separation of 2017.}  
                     ^
Warning 8 in sections/09_related.tex line 15: Wrong length of dash may have been used.
\citet[Theorem~7.7]{Feldman17} studies affine lines on $\mathbb F_p^2$ and proves a distribution-independent weak-learning lower bound of $t/2-1$ queries at tolerance $1/t$, where $t=(p/32)^{1/4}$, for the stated accuracy and success-probability regime. Theorem~7.8 there gives a separately fixed-distribution learner with $O(1/\epsilon^2)$ queries of tolerance $\epsilon^2/13$. For the affine matrix, Proposition~\ref{prop:affine} applies the joint certificate to his affine class. At constant expected error it gives $m/\tau^2=\Omega(p)$, hence $m=\Omega(p)$ at constant tolerance. The proposition also supplies the exact success-probability comparison at his tolerance. These are quantitative refinements of the hardness side; his class is not a small-complexity distribution-independent learner and therefore is not the present counterexample. Our real-grid monotone flips lie on the easy side of that universal-marginal requirement.  
                                                                                                ^
Warning 8 in sections/09_related.tex line 15: Wrong length of dash may have been used.
\citet[Theorem~7.7]{Feldman17} studies affine lines on $\mathbb F_p^2$ and proves a distribution-independent weak-learning lower bound of $t/2-1$ queries at tolerance $1/t$, where $t=(p/32)^{1/4}$, for the stated accuracy and success-probability regime. Theorem~7.8 there gives a separately fixed-distribution learner with $O(1/\epsilon^2)$ queries of tolerance $\epsilon^2/13$. For the affine matrix, Proposition~\ref{prop:affine} applies the joint certificate to his affine class. At constant expected error it gives $m/\tau^2=\Omega(p)$, hence $m=\Omega(p)$ at constant tolerance. The proposition also supplies the exact success-probability comparison at his tolerance. These are quantitative refinements of the hardness side; his class is not a small-complexity distribution-independent learner and therefore is not the present counterexample. Our real-grid monotone flips lie on the easy side of that universal-marginal requirement.  
                                                                                                                 ^
Warning 3 in sections/09_related.tex line 15: You should enclose the previous parenthesis with `{}'.
\citet[Theorem~7.7]{Feldman17} studies affine lines on $\mathbb F_p^2$ and proves a distribution-independent weak-learning lower bound of $t/2-1$ queries at tolerance $1/t$, where $t=(p/32)^{1/4}$, for the stated accuracy and success-probability regime. Theorem~7.8 there gives a separately fixed-distribution learner with $O(1/\epsilon^2)$ queries of tolerance $\epsilon^2/13$. For the affine matrix, Proposition~\ref{prop:affine} applies the joint certificate to his affine class. At constant expected error it gives $m/\tau^2=\Omega(p)$, hence $m=\Omega(p)$ at constant tolerance. The proposition also supplies the exact success-probability comparison at his tolerance. These are quantitative refinements of the hardness side; his class is not a small-complexity distribution-independent learner and therefore is not the present counterexample. Our real-grid monotone flips lie on the easy side of that universal-marginal requirement.  
                                                                                                                                                                                            ^
Warning 8 in sections/09_related.tex line 15: Wrong length of dash may have been used.
\citet[Theorem~7.7]{Feldman17} studies affine lines on $\mathbb F_p^2$ and proves a distribution-independent weak-learning lower bound of $t/2-1$ queries at tolerance $1/t$, where $t=(p/32)^{1/4}$, for the stated accuracy and success-probability regime. Theorem~7.8 there gives a separately fixed-distribution learner with $O(1/\epsilon^2)$ queries of tolerance $\epsilon^2/13$. For the affine matrix, Proposition~\ref{prop:affine} applies the joint certificate to his affine class. At constant expected error it gives $m/\tau^2=\Omega(p)$, hence $m=\Omega(p)$ at constant tolerance. The proposition also supplies the exact success-probability comparison at his tolerance. These are quantitative refinements of the hardness side; his class is not a small-complexity distribution-independent learner and therefore is not the present counterexample. Our real-grid monotone flips lie on the easy side of that universal-marginal requirement.  
                                                                                                                                                                                                                                         ^
Warning 8 in sections/09_related.tex line 15: Wrong length of dash may have been used.
\citet[Theorem~7.7]{Feldman17} studies affine lines on $\mathbb F_p^2$ and proves a distribution-independent weak-learning lower bound of $t/2-1$ queries at tolerance $1/t$, where $t=(p/32)^{1/4}$, for the stated accuracy and success-probability regime. Theorem~7.8 there gives a separately fixed-distribution learner with $O(1/\epsilon^2)$ queries of tolerance $\epsilon^2/13$. For the affine matrix, Proposition~\ref{prop:affine} applies the joint certificate to his affine class. At constant expected error it gives $m/\tau^2=\Omega(p)$, hence $m=\Omega(p)$ at constant tolerance. The proposition also supplies the exact success-probability comparison at his tolerance. These are quantitative refinements of the hardness side; his class is not a small-complexity distribution-independent learner and therefore is not the present counterexample. Our real-grid monotone flips lie on the easy side of that universal-marginal requirement.  
                                                                                                                                                                                                                                                                                                        ^
Warning 8 in sections/09_related.tex line 15: Wrong length of dash may have been used.
\citet[Theorem~7.7]{Feldman17} studies affine lines on $\mathbb F_p^2$ and proves a distribution-independent weak-learning lower bound of $t/2-1$ queries at tolerance $1/t$, where $t=(p/32)^{1/4}$, for the stated accuracy and success-probability regime. Theorem~7.8 there gives a separately fixed-distribution learner with $O(1/\epsilon^2)$ queries of tolerance $\epsilon^2/13$. For the affine matrix, Proposition~\ref{prop:affine} applies the joint certificate to his affine class. At constant expected error it gives $m/\tau^2=\Omega(p)$, hence $m=\Omega(p)$ at constant tolerance. The proposition also supplies the exact success-probability comparison at his tolerance. These are quantitative refinements of the hardness side; his class is not a small-complexity distribution-independent learner and therefore is not the present counterexample. Our real-grid monotone flips lie on the easy side of that universal-marginal requirement.  
                                                                                                                                                                                                                                                                                                                                                                                                                                                                                                                                                                                                                                                       ^
Warning 8 in sections/09_related.tex line 15: Wrong length of dash may have been used.
\citet[Theorem~7.7]{Feldman17} studies affine lines on $\mathbb F_p^2$ and proves a distribution-independent weak-learning lower bound of $t/2-1$ queries at tolerance $1/t$, where $t=(p/32)^{1/4}$, for the stated accuracy and success-probability regime. Theorem~7.8 there gives a separately fixed-distribution learner with $O(1/\epsilon^2)$ queries of tolerance $\epsilon^2/13$. For the affine matrix, Proposition~\ref{prop:affine} applies the joint certificate to his affine class. At constant expected error it gives $m/\tau^2=\Omega(p)$, hence $m=\Omega(p)$ at constant tolerance. The proposition also supplies the exact success-probability comparison at his tolerance. These are quantitative refinements of the hardness side; his class is not a small-complexity distribution-independent learner and therefore is not the present counterexample. Our real-grid monotone flips lie on the easy side of that universal-marginal requirement.  
                                                                                                                                                                                                                                                                                                                                                                                                                                                                                                                                                                                                                                                                                                                                                                                  ^
Warning 8 in sections/09_related.tex line 15: Wrong length of dash may have been used.
\citet[Theorem~7.7]{Feldman17} studies affine lines on $\mathbb F_p^2$ and proves a distribution-independent weak-learning lower bound of $t/2-1$ queries at tolerance $1/t$, where $t=(p/32)^{1/4}$, for the stated accuracy and success-probability regime. Theorem~7.8 there gives a separately fixed-distribution learner with $O(1/\epsilon^2)$ queries of tolerance $\epsilon^2/13$. For the affine matrix, Proposition~\ref{prop:affine} applies the joint certificate to his affine class. At constant expected error it gives $m/\tau^2=\Omega(p)$, hence $m=\Omega(p)$ at constant tolerance. The proposition also supplies the exact success-probability comparison at his tolerance. These are quantitative refinements of the hardness side; his class is not a small-complexity distribution-independent learner and therefore is not the present counterexample. Our real-grid monotone flips lie on the easy side of that universal-marginal requirement.  
                                                                                                                                                                                                                                                                                                                                                                                                                                                                                                                                                                                                                                                                                                                                                                                                          ^
Warning 8 in sections/09_related.tex line 15: Wrong length of dash may have been used.
\citet[Theorem~7.7]{Feldman17} studies affine lines on $\mathbb F_p^2$ and proves a distribution-independent weak-learning lower bound of $t/2-1$ queries at tolerance $1/t$, where $t=(p/32)^{1/4}$, for the stated accuracy and success-probability regime. Theorem~7.8 there gives a separately fixed-distribution learner with $O(1/\epsilon^2)$ queries of tolerance $\epsilon^2/13$. For the affine matrix, Proposition~\ref{prop:affine} applies the joint certificate to his affine class. At constant expected error it gives $m/\tau^2=\Omega(p)$, hence $m=\Omega(p)$ at constant tolerance. The proposition also supplies the exact success-probability comparison at his tolerance. These are quantitative refinements of the hardness side; his class is not a small-complexity distribution-independent learner and therefore is not the present counterexample. Our real-grid monotone flips lie on the easy side of that universal-marginal requirement.  
                                                                                                                                                                                                                                                                                                                                                                                                                                                                                                                                                                                                                                                                                                                                                                                                                                                                                        ^
Warning 8 in sections/09_related.tex line 15: Wrong length of dash may have been used.
\citet[Theorem~7.7]{Feldman17} studies affine lines on $\mathbb F_p^2$ and proves a distribution-independent weak-learning lower bound of $t/2-1$ queries at tolerance $1/t$, where $t=(p/32)^{1/4}$, for the stated accuracy and success-probability regime. Theorem~7.8 there gives a separately fixed-distribution learner with $O(1/\epsilon^2)$ queries of tolerance $\epsilon^2/13$. For the affine matrix, Proposition~\ref{prop:affine} applies the joint certificate to his affine class. At constant expected error it gives $m/\tau^2=\Omega(p)$, hence $m=\Omega(p)$ at constant tolerance. The proposition also supplies the exact success-probability comparison at his tolerance. These are quantitative refinements of the hardness side; his class is not a small-complexity distribution-independent learner and therefore is not the present counterexample. Our real-grid monotone flips lie on the easy side of that universal-marginal requirement.  
                                                                                                                                                                                                                                                                                                                                                                                                                                                                                                                                                                                                                                                                                                                                                                                                                                                                                                                                                   ^
Warning 8 in sections/09_related.tex line 17: Wrong length of dash may have been used.
\paragraph{Approximate sign-rank, May 2026.}  
                           ^
Warning 8 in sections/09_related.tex line 18: Wrong length of dash may have been used.
\citet[Theorem~1.3]{BHKR26} extend the large-rectangle property to approximate sign-rank and partial matrices. Their approximate rank fixes one \emph{deterministic} column embedding and, for each row and each marginal, permits a new separating vector with error at most $\eta$. It is not the random-embedding quantity $\dc^\eta$ used here. Their theorem supplies row and column fractions $d^{-C_\eta d}$ and $d^{-C_\eta d^2}$, respectively, with $C_\eta$ stated as $O(\log(1/(1-2\eta)))$, for fixed $0<\eta<1/2$; one may enlarge the constant and use $d\ge2$. \Cref{cor:approxrect} converts this published geometric theorem into a common SQ learner with the displayed parameters. For partial matrices their rectangle is homogeneous on nonstar entries, possibly containing stars; we do not silently regard it as a full monochromatic rectangle of an arbitrary completion.  
                                            ^
Warning 8 in sections/09_related.tex line 18: Wrong length of dash may have been used.
\citet[Theorem~1.3]{BHKR26} extend the large-rectangle property to approximate sign-rank and partial matrices. Their approximate rank fixes one \emph{deterministic} column embedding and, for each row and each marginal, permits a new separating vector with error at most $\eta$. It is not the random-embedding quantity $\dc^\eta$ used here. Their theorem supplies row and column fractions $d^{-C_\eta d}$ and $d^{-C_\eta d^2}$, respectively, with $C_\eta$ stated as $O(\log(1/(1-2\eta)))$, for fixed $0<\eta<1/2$; one may enlarge the constant and use $d\ge2$. \Cref{cor:approxrect} converts this published geometric theorem into a common SQ learner with the displayed parameters. For partial matrices their rectangle is homogeneous on nonstar entries, possibly containing stars; we do not silently regard it as a full monochromatic rectangle of an arbitrary completion.  
                                                                                   ^
Warning 8 in sections/09_related.tex line 18: Wrong length of dash may have been used.
\citet[Theorem~1.3]{BHKR26} extend the large-rectangle property to approximate sign-rank and partial matrices. Their approximate rank fixes one \emph{deterministic} column embedding and, for each row and each marginal, permits a new separating vector with error at most $\eta$. It is not the random-embedding quantity $\dc^\eta$ used here. Their theorem supplies row and column fractions $d^{-C_\eta d}$ and $d^{-C_\eta d^2}$, respectively, with $C_\eta$ stated as $O(\log(1/(1-2\eta)))$, for fixed $0<\eta<1/2$; one may enlarge the constant and use $d\ge2$. \Cref{cor:approxrect} converts this published geometric theorem into a common SQ learner with the displayed parameters. For partial matrices their rectangle is homogeneous on nonstar entries, possibly containing stars; we do not silently regard it as a full monochromatic rectangle of an arbitrary completion.  
                                                                                                                                                                                                                                                                                                          ^
Warning 8 in sections/09_related.tex line 21: Wrong length of dash may have been used.
\citet{BHHLT26} prove $\operatorname{Ind}_{\mathbb Z_2}(H)\le2\operatorname{LR}(H)-1$ and show that projective-plane incidence classes have list replicability at most three and index at most five despite unbounded sign-rank. Our joint-distribution theorem shows that those same projective-plane classes are SQ-hard when a common learner must serve every marginal. Thus bounded list replicability or bounded index is not the missing SQ upper-bound criterion. Their separation concerns different parameters and does not resolve the question answered here. Earlier and concurrent topological bounds \citep{HHM23,FHV26}, and the total Hamming-distance upper bounds of \citet{GHIS25}, likewise do not give the sought efficient explicit high-sign-rank selection for the constant-rectangle flip family.  
                                                                                                              ^
Warning 8 in sections/09_related.tex line 21: Wrong length of dash may have been used.
\citet{BHHLT26} prove $\operatorname{Ind}_{\mathbb Z_2}(H)\le2\operatorname{LR}(H)-1$ and show that projective-plane incidence classes have list replicability at most three and index at most five despite unbounded sign-rank. Our joint-distribution theorem shows that those same projective-plane classes are SQ-hard when a common learner must serve every marginal. Thus bounded list replicability or bounded index is not the missing SQ upper-bound criterion. Their separation concerns different parameters and does not resolve the question answered here. Earlier and concurrent topological bounds \citep{HHM23,FHV26}, and the total Hamming-distance upper bounds of \citet{GHIS25}, likewise do not give the sought efficient explicit high-sign-rank selection for the constant-rectangle flip family.  
                                                                                                                                                                                                                          ^
Warning 8 in sections/09_related.tex line 21: Wrong length of dash may have been used.
\citet{BHHLT26} prove $\operatorname{Ind}_{\mathbb Z_2}(H)\le2\operatorname{LR}(H)-1$ and show that projective-plane incidence classes have list replicability at most three and index at most five despite unbounded sign-rank. Our joint-distribution theorem shows that those same projective-plane classes are SQ-hard when a common learner must serve every marginal. Thus bounded list replicability or bounded index is not the missing SQ upper-bound criterion. Their separation concerns different parameters and does not resolve the question answered here. Earlier and concurrent topological bounds \citep{HHM23,FHV26}, and the total Hamming-distance upper bounds of \citet{GHIS25}, likewise do not give the sought efficient explicit high-sign-rank selection for the constant-rectangle flip family.  
                                                                                                                                                                                                                                          ^
Warning 8 in sections/09_related.tex line 21: Wrong length of dash may have been used.
\citet{BHHLT26} prove $\operatorname{Ind}_{\mathbb Z_2}(H)\le2\operatorname{LR}(H)-1$ and show that projective-plane incidence classes have list replicability at most three and index at most five despite unbounded sign-rank. Our joint-distribution theorem shows that those same projective-plane classes are SQ-hard when a common learner must serve every marginal. Thus bounded list replicability or bounded index is not the missing SQ upper-bound criterion. Their separation concerns different parameters and does not resolve the question answered here. Earlier and concurrent topological bounds \citep{HHM23,FHV26}, and the total Hamming-distance upper bounds of \citet{GHIS25}, likewise do not give the sought efficient explicit high-sign-rank selection for the constant-rectangle flip family.  
                                                                                                                                                                                                                                                                                                ^
Warning 8 in sections/09_related.tex line 21: Wrong length of dash may have been used.
\citet{BHHLT26} prove $\operatorname{Ind}_{\mathbb Z_2}(H)\le2\operatorname{LR}(H)-1$ and show that projective-plane incidence classes have list replicability at most three and index at most five despite unbounded sign-rank. Our joint-distribution theorem shows that those same projective-plane classes are SQ-hard when a common learner must serve every marginal. Thus bounded list replicability or bounded index is not the missing SQ upper-bound criterion. Their separation concerns different parameters and does not resolve the question answered here. Earlier and concurrent topological bounds \citep{HHM23,FHV26}, and the total Hamming-distance upper bounds of \citet{GHIS25}, likewise do not give the sought efficient explicit high-sign-rank selection for the constant-rectangle flip family.  
                                                                                                                                                                                                                                                                                                                     ^
Warning 8 in sections/09_related.tex line 21: Wrong length of dash may have been used.
\citet{BHHLT26} prove $\operatorname{Ind}_{\mathbb Z_2}(H)\le2\operatorname{LR}(H)-1$ and show that projective-plane incidence classes have list replicability at most three and index at most five despite unbounded sign-rank. Our joint-distribution theorem shows that those same projective-plane classes are SQ-hard when a common learner must serve every marginal. Thus bounded list replicability or bounded index is not the missing SQ upper-bound criterion. Their separation concerns different parameters and does not resolve the question answered here. Earlier and concurrent topological bounds \citep{HHM23,FHV26}, and the total Hamming-distance upper bounds of \citet{GHIS25}, likewise do not give the sought efficient explicit high-sign-rank selection for the constant-rectangle flip family.  
                                                                                                                                                                                                                                                                                                                                                                                                                                                        ^
Warning 8 in sections/09_related.tex line 21: Wrong length of dash may have been used.
\citet{BHHLT26} prove $\operatorname{Ind}_{\mathbb Z_2}(H)\le2\operatorname{LR}(H)-1$ and show that projective-plane incidence classes have list replicability at most three and index at most five despite unbounded sign-rank. Our joint-distribution theorem shows that those same projective-plane classes are SQ-hard when a common learner must serve every marginal. Thus bounded list replicability or bounded index is not the missing SQ upper-bound criterion. Their separation concerns different parameters and does not resolve the question answered here. Earlier and concurrent topological bounds \citep{HHM23,FHV26}, and the total Hamming-distance upper bounds of \citet{GHIS25}, likewise do not give the sought efficient explicit high-sign-rank selection for the constant-rectangle flip family.  
                                                                                                                                                                                                                                                                                                                                                                                                                                                                                                                                                                                                                                                              ^
Warning 8 in sections/09_related.tex line 21: Wrong length of dash may have been used.
\citet{BHHLT26} prove $\operatorname{Ind}_{\mathbb Z_2}(H)\le2\operatorname{LR}(H)-1$ and show that projective-plane incidence classes have list replicability at most three and index at most five despite unbounded sign-rank. Our joint-distribution theorem shows that those same projective-plane classes are SQ-hard when a common learner must serve every marginal. Thus bounded list replicability or bounded index is not the missing SQ upper-bound criterion. Their separation concerns different parameters and does not resolve the question answered here. Earlier and concurrent topological bounds \citep{HHM23,FHV26}, and the total Hamming-distance upper bounds of \citet{GHIS25}, likewise do not give the sought efficient explicit high-sign-rank selection for the constant-rectangle flip family.  
                                                                                                                                                                                                                                                                                                                                                                                                                                                                                                                                                                                                                                                                                                                                                               ^
Warning 8 in sections/09_related.tex line 21: Wrong length of dash may have been used.
\citet{BHHLT26} prove $\operatorname{Ind}_{\mathbb Z_2}(H)\le2\operatorname{LR}(H)-1$ and show that projective-plane incidence classes have list replicability at most three and index at most five despite unbounded sign-rank. Our joint-distribution theorem shows that those same projective-plane classes are SQ-hard when a common learner must serve every marginal. Thus bounded list replicability or bounded index is not the missing SQ upper-bound criterion. Their separation concerns different parameters and does not resolve the question answered here. Earlier and concurrent topological bounds \citep{HHM23,FHV26}, and the total Hamming-distance upper bounds of \citet{GHIS25}, likewise do not give the sought efficient explicit high-sign-rank selection for the constant-rectangle flip family.  
                                                                                                                                                                                                                                                                                                                                                                                                                                                                                                                                                                                                                                                                                                                                                                    ^
Warning 8 in sections/09_related.tex line 21: Wrong length of dash may have been used.
\citet{BHHLT26} prove $\operatorname{Ind}_{\mathbb Z_2}(H)\le2\operatorname{LR}(H)-1$ and show that projective-plane incidence classes have list replicability at most three and index at most five despite unbounded sign-rank. Our joint-distribution theorem shows that those same projective-plane classes are SQ-hard when a common learner must serve every marginal. Thus bounded list replicability or bounded index is not the missing SQ upper-bound criterion. Their separation concerns different parameters and does not resolve the question answered here. Earlier and concurrent topological bounds \citep{HHM23,FHV26}, and the total Hamming-distance upper bounds of \citet{GHIS25}, likewise do not give the sought efficient explicit high-sign-rank selection for the constant-rectangle flip family.  
                                                                                                                                                                                                                                                                                                                                                                                                                                                                                                                                                                                                                                                                                                                                                                                                    ^
Warning 8 in sections/09_related.tex line 24: Wrong length of dash may have been used.
A further comparison is \citet[Assumption~4.42 and Theorem~4.9]{VALG26}. Its SQ result assumes that the span of all seed-averaged terminal response functions, over complete response rules, already has dimension at most $B(1+m/\tau^2)^k$. Under that additional assumption it proves a dimension upper bound. The extra response-rank hypothesis is not a consequence of the SQ interface proved there. Our counterexample rules out deriving such a universal polynomial hypothesis from distribution-independent SQ learnability alone. For the deterministic learners in \cref{thm:caps}, the universal mean-response-rank hypothesis would imply a polynomial dimension upper bound and hence contradict \cref{thm:construction}. Thus it cannot follow from the common SQ guarantee alone.   
                                                                                                                        ^
Warning 3 in sections/09_related.tex line 24: You should enclose the previous parenthesis with `{}'.
A further comparison is \citet[Assumption~4.42 and Theorem~4.9]{VALG26}. Its SQ result assumes that the span of all seed-averaged terminal response functions, over complete response rules, already has dimension at most $B(1+m/\tau^2)^k$. Under that additional assumption it proves a dimension upper bound. The extra response-rank hypothesis is not a consequence of the SQ interface proved there. Our counterexample rules out deriving such a universal polynomial hypothesis from distribution-independent SQ learnability alone. For the deterministic learners in \cref{thm:caps}, the universal mean-response-rank hypothesis would imply a polynomial dimension upper bound and hence contradict \cref{thm:construction}. Thus it cannot follow from the common SQ guarantee alone.   
                                                                                                                                                                                                                                        ^
Warning 8 in sections/09_related.tex line 24: Wrong length of dash may have been used.
A further comparison is \citet[Assumption~4.42 and Theorem~4.9]{VALG26}. Its SQ result assumes that the span of all seed-averaged terminal response functions, over complete response rules, already has dimension at most $B(1+m/\tau^2)^k$. Under that additional assumption it proves a dimension upper bound. The extra response-rank hypothesis is not a consequence of the SQ interface proved there. Our counterexample rules out deriving such a universal polynomial hypothesis from distribution-independent SQ learnability alone. For the deterministic learners in \cref{thm:caps}, the universal mean-response-rank hypothesis would imply a polynomial dimension upper bound and hence contradict \cref{thm:construction}. Thus it cannot follow from the common SQ guarantee alone.   
                                                                                                                                                                                                                                                                                                                                    ^
Warning 8 in sections/09_related.tex line 24: Wrong length of dash may have been used.
A further comparison is \citet[Assumption~4.42 and Theorem~4.9]{VALG26}. Its SQ result assumes that the span of all seed-averaged terminal response functions, over complete response rules, already has dimension at most $B(1+m/\tau^2)^k$. Under that additional assumption it proves a dimension upper bound. The extra response-rank hypothesis is not a consequence of the SQ interface proved there. Our counterexample rules out deriving such a universal polynomial hypothesis from distribution-independent SQ learnability alone. For the deterministic learners in \cref{thm:caps}, the universal mean-response-rank hypothesis would imply a polynomial dimension upper bound and hence contradict \cref{thm:construction}. Thus it cannot follow from the common SQ guarantee alone.   
                                                                                                                                                                                                                                                                                                                                                                                                                                                                                                          ^
Warning 8 in sections/09_related.tex line 24: Wrong length of dash may have been used.
A further comparison is \citet[Assumption~4.42 and Theorem~4.9]{VALG26}. Its SQ result assumes that the span of all seed-averaged terminal response functions, over complete response rules, already has dimension at most $B(1+m/\tau^2)^k$. Under that additional assumption it proves a dimension upper bound. The extra response-rank hypothesis is not a consequence of the SQ interface proved there. Our counterexample rules out deriving such a universal polynomial hypothesis from distribution-independent SQ learnability alone. For the deterministic learners in \cref{thm:caps}, the universal mean-response-rank hypothesis would imply a polynomial dimension upper bound and hence contradict \cref{thm:construction}. Thus it cannot follow from the common SQ guarantee alone.   
                                                                                                                                                                                                                                                                                                                                                                                                                                                                                                                                                                                                                   ^
Warning 8 in sections/09_related.tex line 24: Wrong length of dash may have been used.
A further comparison is \citet[Assumption~4.42 and Theorem~4.9]{VALG26}. Its SQ result assumes that the span of all seed-averaged terminal response functions, over complete response rules, already has dimension at most $B(1+m/\tau^2)^k$. Under that additional assumption it proves a dimension upper bound. The extra response-rank hypothesis is not a consequence of the SQ interface proved there. Our counterexample rules out deriving such a universal polynomial hypothesis from distribution-independent SQ learnability alone. For the deterministic learners in \cref{thm:caps}, the universal mean-response-rank hypothesis would imply a polynomial dimension upper bound and hence contradict \cref{thm:construction}. Thus it cannot follow from the common SQ guarantee alone.   
                                                                                                                                                                                                                                                                                                                                                                                                                                                                                                                                                                                                                            ^
Warning 8 in sections/09_related.tex line 27: Wrong length of dash may have been used.
The converse communication construction in Theorem~\ref{thm:communication} is \citet[Proposition~3.14]{HHPTZ22}; its composition with RECTIFY yields the SQ sufficient condition and the halfspace boundary case. The proper completion and the order-median succinct learner exploit the real incidence geometry rather than invoking a generic protocol-to-learning conversion. The differentiable-learning simulations of \citet{AKMSS21} use engineered models and initialization and charge the simulated computation in their network-size bounds. They do not preserve the remaining prescribed benign-SGD algorithm. The hidden-key bounds in Section~\ref{sec:secret} explicitly distinguish uniform key-independent learners from class-dependent architecture choices.  
                                                                                                                                                                                                                                                     ^
Warning 8 in sections/09_related.tex line 27: Wrong length of dash may have been used.
The converse communication construction in Theorem~\ref{thm:communication} is \citet[Proposition~3.14]{HHPTZ22}; its composition with RECTIFY yields the SQ sufficient condition and the halfspace boundary case. The proper completion and the order-median succinct learner exploit the real incidence geometry rather than invoking a generic protocol-to-learning conversion. The differentiable-learning simulations of \citet{AKMSS21} use engineered models and initialization and charge the simulated computation in their network-size bounds. They do not preserve the remaining prescribed benign-SGD algorithm. The hidden-key bounds in Section~\ref{sec:secret} explicitly distinguish uniform key-independent learners from class-dependent architecture choices.  
                                                                                                                                                                                                                                                                                                                                                         ^
Warning 8 in sections/09_related.tex line 27: Wrong length of dash may have been used.
The converse communication construction in Theorem~\ref{thm:communication} is \citet[Proposition~3.14]{HHPTZ22}; its composition with RECTIFY yields the SQ sufficient condition and the halfspace boundary case. The proper completion and the order-median succinct learner exploit the real incidence geometry rather than invoking a generic protocol-to-learning conversion. The differentiable-learning simulations of \citet{AKMSS21} use engineered models and initialization and charge the simulated computation in their network-size bounds. They do not preserve the remaining prescribed benign-SGD algorithm. The hidden-key bounds in Section~\ref{sec:secret} explicitly distinguish uniform key-independent learners from class-dependent architecture choices.  
                                                                                                                                                                                                                                                                                                                                                            ^
Warning 8 in sections/09_related.tex line 27: Wrong length of dash may have been used.
The converse communication construction in Theorem~\ref{thm:communication} is \citet[Proposition~3.14]{HHPTZ22}; its composition with RECTIFY yields the SQ sufficient condition and the halfspace boundary case. The proper completion and the order-median succinct learner exploit the real incidence geometry rather than invoking a generic protocol-to-learning conversion. The differentiable-learning simulations of \citet{AKMSS21} use engineered models and initialization and charge the simulated computation in their network-size bounds. They do not preserve the remaining prescribed benign-SGD algorithm. The hidden-key bounds in Section~\ref{sec:secret} explicitly distinguish uniform key-independent learners from class-dependent architecture choices.  
                                                                                                                                                                                                                                                                                                                                                                                                    ^
Warning 8 in sections/09_related.tex line 27: Wrong length of dash may have been used.
The converse communication construction in Theorem~\ref{thm:communication} is \citet[Proposition~3.14]{HHPTZ22}; its composition with RECTIFY yields the SQ sufficient condition and the halfspace boundary case. The proper completion and the order-median succinct learner exploit the real incidence geometry rather than invoking a generic protocol-to-learning conversion. The differentiable-learning simulations of \citet{AKMSS21} use engineered models and initialization and charge the simulated computation in their network-size bounds. They do not preserve the remaining prescribed benign-SGD algorithm. The hidden-key bounds in Section~\ref{sec:secret} explicitly distinguish uniform key-independent learners from class-dependent architecture choices.  
                                                                                                                                                                                                                                                                                                                                                                                                                                                                                                                                           ^
Warning 8 in sections/09_related.tex line 27: Wrong length of dash may have been used.
The converse communication construction in Theorem~\ref{thm:communication} is \citet[Proposition~3.14]{HHPTZ22}; its composition with RECTIFY yields the SQ sufficient condition and the halfspace boundary case. The proper completion and the order-median succinct learner exploit the real incidence geometry rather than invoking a generic protocol-to-learning conversion. The differentiable-learning simulations of \citet{AKMSS21} use engineered models and initialization and charge the simulated computation in their network-size bounds. They do not preserve the remaining prescribed benign-SGD algorithm. The hidden-key bounds in Section~\ref{sec:secret} explicitly distinguish uniform key-independent learners from class-dependent architecture choices.  
                                                                                                                                                                                                                                                                                                                                                                                                                                                                                                                                                                                                             ^
Warning 8 in sections/09_related.tex line 27: Wrong length of dash may have been used.
The converse communication construction in Theorem~\ref{thm:communication} is \citet[Proposition~3.14]{HHPTZ22}; its composition with RECTIFY yields the SQ sufficient condition and the halfspace boundary case. The proper completion and the order-median succinct learner exploit the real incidence geometry rather than invoking a generic protocol-to-learning conversion. The differentiable-learning simulations of \citet{AKMSS21} use engineered models and initialization and charge the simulated computation in their network-size bounds. They do not preserve the remaining prescribed benign-SGD algorithm. The hidden-key bounds in Section~\ref{sec:secret} explicitly distinguish uniform key-independent learners from class-dependent architecture choices.  
                                                                                                                                                                                                                                                                                                                                                                                                                                                                                                                                                                                                                                       ^
Warning 8 in sections/09_related.tex line 27: Wrong length of dash may have been used.
The converse communication construction in Theorem~\ref{thm:communication} is \citet[Proposition~3.14]{HHPTZ22}; its composition with RECTIFY yields the SQ sufficient condition and the halfspace boundary case. The proper completion and the order-median succinct learner exploit the real incidence geometry rather than invoking a generic protocol-to-learning conversion. The differentiable-learning simulations of \citet{AKMSS21} use engineered models and initialization and charge the simulated computation in their network-size bounds. They do not preserve the remaining prescribed benign-SGD algorithm. The hidden-key bounds in Section~\ref{sec:secret} explicitly distinguish uniform key-independent learners from class-dependent architecture choices.  
                                                                                                                                                                                                                                                                                                                                                                                                                                                                                                                                                                                                                                                                                                                 ^
Warning 8 in sections/09_related.tex line 27: Wrong length of dash may have been used.
The converse communication construction in Theorem~\ref{thm:communication} is \citet[Proposition~3.14]{HHPTZ22}; its composition with RECTIFY yields the SQ sufficient condition and the halfspace boundary case. The proper completion and the order-median succinct learner exploit the real incidence geometry rather than invoking a generic protocol-to-learning conversion. The differentiable-learning simulations of \citet{AKMSS21} use engineered models and initialization and charge the simulated computation in their network-size bounds. They do not preserve the remaining prescribed benign-SGD algorithm. The hidden-key bounds in Section~\ref{sec:secret} explicitly distinguish uniform key-independent learners from class-dependent architecture choices.  
                                                                                                                                                                                                                                                                                                                                                                                                                                                                                                                                                                                                                                                                                                                                                 ^
Warning 8 in sections/09_related.tex line 31: Wrong length of dash may have been used.
\citet{MKAS21} compare gradient learning with tangent kernels under specified model conditions. The staircase analyses of \citet{ABBBN21} and \citet{ABM22} identify hierarchical structures learnable by particular regular-network dynamics under their distributional assumptions. Their conclusions concern those dynamics and data regimes. \Cref{cor:engineered} instead composes a common SQ learner with the full-batch simulation of \citet{AKMSS21}; its engineered architecture and initialization retain the simulation's computational cost. The prescribed Gaussian-initialized online-SGD question therefore remains a separate problem.  
                                                                                                                                                                                                                            ^
Warning 8 in sections/09_related.tex line 31: Wrong length of dash may have been used.
\citet{MKAS21} compare gradient learning with tangent kernels under specified model conditions. The staircase analyses of \citet{ABBBN21} and \citet{ABM22} identify hierarchical structures learnable by particular regular-network dynamics under their distributional assumptions. Their conclusions concern those dynamics and data regimes. \Cref{cor:engineered} instead composes a common SQ learner with the full-batch simulation of \citet{AKMSS21}; its engineered architecture and initialization retain the simulation's computational cost. The prescribed Gaussian-initialized online-SGD question therefore remains a separate problem.  
                                                                                                                                                                                                                                                                                                                                                                                                                         ^
Warning 8 in sections/09_related.tex line 31: Wrong length of dash may have been used.
\citet{MKAS21} compare gradient learning with tangent kernels under specified model conditions. The staircase analyses of \citet{ABBBN21} and \citet{ABM22} identify hierarchical structures learnable by particular regular-network dynamics under their distributional assumptions. Their conclusions concern those dynamics and data regimes. \Cref{cor:engineered} instead composes a common SQ learner with the full-batch simulation of \citet{AKMSS21}; its engineered architecture and initialization retain the simulation's computational cost. The prescribed Gaussian-initialized online-SGD question therefore remains a separate problem.  
                                                                                                                                                                                                                                                                                                                                                                                                                                                                                                                                                                                 ^
Warning 8 in sections/09_related.tex line 31: Wrong length of dash may have been used.
\citet{MKAS21} compare gradient learning with tangent kernels under specified model conditions. The staircase analyses of \citet{ABBBN21} and \citet{ABM22} identify hierarchical structures learnable by particular regular-network dynamics under their distributional assumptions. Their conclusions concern those dynamics and data regimes. \Cref{cor:engineered} instead composes a common SQ learner with the full-batch simulation of \citet{AKMSS21}; its engineered architecture and initialization retain the simulation's computational cost. The prescribed Gaussian-initialized online-SGD question therefore remains a separate problem.  
                                                                                                                                                                                                                                                                                                                                                                                                                                                                                                                                                                                                    ^
Warning 8 in sections/10_discussion.tex line 5: Wrong length of dash may have been used.
The separation uses the difference between general and correlational SQ access. \Cref{thm:tree} gives $\dc(H)\le m+1$ for deterministic correlational learners. For the incidence flips, \cref{thm:adapt} forces $\Omega(\log N)$ marginal-dependent branchings at fixed tolerance under a polylogarithmic query budget, and the deterministic cap learner uses $O(\log M)$ stages. The claim has a query-budget hypothesis: exhaustive correlation testing uses no marginal-dependent branchings but makes one query per row. This is consistent with the margin-based characterization of distribution-independent weak correlational learning \citep{Feldman08,Feldman11}.  
                                                                                                                                                                                                                                          ^
Warning 8 in sections/10_discussion.tex line 5: Wrong length of dash may have been used.
The separation uses the difference between general and correlational SQ access. \Cref{thm:tree} gives $\dc(H)\le m+1$ for deterministic correlational learners. For the incidence flips, \cref{thm:adapt} forces $\Omega(\log N)$ marginal-dependent branchings at fixed tolerance under a polylogarithmic query budget, and the deterministic cap learner uses $O(\log M)$ stages. The claim has a query-budget hypothesis: exhaustive correlation testing uses no marginal-dependent branchings but makes one query per row. This is consistent with the margin-based characterization of distribution-independent weak correlational learning \citep{Feldman08,Feldman11}.  
                                                                                                                                                                                                                                                                                                                                                                                                         ^
Warning 8 in sections/10_discussion.tex line 5: Wrong length of dash may have been used.
The separation uses the difference between general and correlational SQ access. \Cref{thm:tree} gives $\dc(H)\le m+1$ for deterministic correlational learners. For the incidence flips, \cref{thm:adapt} forces $\Omega(\log N)$ marginal-dependent branchings at fixed tolerance under a polylogarithmic query budget, and the deterministic cap learner uses $O(\log M)$ stages. The claim has a query-budget hypothesis: exhaustive correlation testing uses no marginal-dependent branchings but makes one query per row. This is consistent with the margin-based characterization of distribution-independent weak correlational learning \citep{Feldman08,Feldman11}.  
                                                                                                                                                                                                                                                                                                                                                                                                                                                                            ^
Warning 8 in sections/10_discussion.tex line 5: Wrong length of dash may have been used.
The separation uses the difference between general and correlational SQ access. \Cref{thm:tree} gives $\dc(H)\le m+1$ for deterministic correlational learners. For the incidence flips, \cref{thm:adapt} forces $\Omega(\log N)$ marginal-dependent branchings at fixed tolerance under a polylogarithmic query budget, and the deterministic cap learner uses $O(\log M)$ stages. The claim has a query-budget hypothesis: exhaustive correlation testing uses no marginal-dependent branchings but makes one query per row. This is consistent with the margin-based characterization of distribution-independent weak correlational learning \citep{Feldman08,Feldman11}.  
                                                                                                                                                                                                                                                                                                                                                                                                                                                                                                                                                                 ^
Warning 8 in sections/10_discussion.tex line 5: Wrong length of dash may have been used.
The separation uses the difference between general and correlational SQ access. \Cref{thm:tree} gives $\dc(H)\le m+1$ for deterministic correlational learners. For the incidence flips, \cref{thm:adapt} forces $\Omega(\log N)$ marginal-dependent branchings at fixed tolerance under a polylogarithmic query budget, and the deterministic cap learner uses $O(\log M)$ stages. The claim has a query-budget hypothesis: exhaustive correlation testing uses no marginal-dependent branchings but makes one query per row. This is consistent with the margin-based characterization of distribution-independent weak correlational learning \citep{Feldman08,Feldman11}.  
                                                                                                                                                                                                                                                                                                                                                                                                                                                                                                                                                                                                        ^
Warning 8 in sections/10_discussion.tex line 7: Wrong length of dash may have been used.
An ordinary label-Gram certificate produces both a small-rectangle witness and an SQ lower bound. The constant-rectangle incidence flips exclude a large ordinary certificate, while counting still forces high sign-rank. The joint-distribution certificate is also polynomially bounded for these classes by \cref{thm:barrier} and their efficient SQ learner. The next proposition locates the limitation of source length; the following certificate proposition locates the limitation of the classical parameters.  
                 ^
Warning 8 in sections/10_discussion.tex line 7: Wrong length of dash may have been used.
An ordinary label-Gram certificate produces both a small-rectangle witness and an SQ lower bound. The constant-rectangle incidence flips exclude a large ordinary certificate, while counting still forces high sign-rank. The joint-distribution certificate is also polynomially bounded for these classes by \cref{thm:barrier} and their efficient SQ learner. The next proposition locates the limitation of source length; the following certificate proposition locates the limitation of the classical parameters.  
                                                        ^
Warning 8 in sections/10_discussion.tex line 7: Wrong length of dash may have been used.
An ordinary label-Gram certificate produces both a small-rectangle witness and an SQ lower bound. The constant-rectangle incidence flips exclude a large ordinary certificate, while counting still forces high sign-rank. The joint-distribution certificate is also polynomially bounded for these classes by \cref{thm:barrier} and their efficient SQ learner. The next proposition locates the limitation of source length; the following certificate proposition locates the limitation of the classical parameters.  
                                                                                                              ^
Warning 8 in sections/10_discussion.tex line 7: Wrong length of dash may have been used.
An ordinary label-Gram certificate produces both a small-rectangle witness and an SQ lower bound. The constant-rectangle incidence flips exclude a large ordinary certificate, while counting still forces high sign-rank. The joint-distribution certificate is also polynomially bounded for these classes by \cref{thm:barrier} and their efficient SQ learner. The next proposition locates the limitation of source length; the following certificate proposition locates the limitation of the classical parameters.  
                                                                                                                                                                                                                    ^
Warning 8 in sections/10_discussion.tex line 7: Wrong length of dash may have been used.
An ordinary label-Gram certificate produces both a small-rectangle witness and an SQ lower bound. The constant-rectangle incidence flips exclude a large ordinary certificate, while counting still forces high sign-rank. The joint-distribution certificate is also polynomially bounded for these classes by \cref{thm:barrier} and their efficient SQ learner. The next proposition locates the limitation of source length; the following certificate proposition locates the limitation of the classical parameters.  
                                                                                                                                                                                                                                    ^
Warning 8 in sections/10_discussion.tex line 9: Wrong length of dash may have been used.
\begin{theorem}[Source-description length alone does not repair the implication]\label{thm:description}  
                      ^
Warning 8 in sections/10_discussion.tex line 10: Wrong length of dash may have been used.
Fix $0<\epsilon<1/4$. Interpret $\ell$ as the bit length of a finite learner program, including literal hard-coded constants and data, but do not charge running time or generated workspace. There is a computable sequence of incidence-flip classes and learners with  
                                                                                                            ^
Warning 8 in sections/10_discussion.tex line 10: Wrong length of dash may have been used.
Fix $0<\epsilon<1/4$. Interpret $\ell$ as the bit length of a finite learner program, including literal hard-coded constants and data, but do not charge running time or generated workspace. There is a computable sequence of incidence-flip classes and learners with  
                                                                                                                                                                                                                                         ^
Warning 1 in sections/10_discussion.tex line 18: Command terminated with space.
\noindent Proof: see \cref{proof:description}.\par  
         ^
Warning 1 in sections/10_discussion.tex line 18: Command terminated with space.
\noindent Proof: see \cref{proof:description}.\par  
                                                  ^
Warning 8 in sections/10_discussion.tex line 21: Wrong length of dash may have been used.
This does not produce an efficient explicit counterexample. It implies that a resource-aware repair must charge computation, generated memory, or an expanded circuit description, not just the length of the program that generates them. One genuinely stronger question is whether charging total preprocessing and query-evaluation time $t$ yields a bound polynomial in $(m,1/\tau,n,\ell,t)$ in a specified finite-bit model. This finite-bit resource question remains open.  
                                                                                      ^
Warning 8 in sections/10_discussion.tex line 21: Wrong length of dash may have been used.
This does not produce an efficient explicit counterexample. It implies that a resource-aware repair must charge computation, generated memory, or an expanded circuit description, not just the length of the program that generates them. One genuinely stronger question is whether charging total preprocessing and query-evaluation time $t$ yields a bound polynomial in $(m,1/\tau,n,\ell,t)$ in a specified finite-bit model. This finite-bit resource question remains open.  
                                                                                                                                                                                                                                                                                                                            ^
Warning 8 in sections/10_discussion.tex line 21: Wrong length of dash may have been used.
This does not produce an efficient explicit counterexample. It implies that a resource-aware repair must charge computation, generated memory, or an expanded circuit description, not just the length of the program that generates them. One genuinely stronger question is whether charging total preprocessing and query-evaluation time $t$ yields a bound polynomial in $(m,1/\tau,n,\ell,t)$ in a specified finite-bit model. This finite-bit resource question remains open.  
                                                                                                                                                                                                                                                                                                                                                                                                                         ^
Warning 8 in sections/10_discussion.tex line 21: Wrong length of dash may have been used.
This does not produce an efficient explicit counterexample. It implies that a resource-aware repair must charge computation, generated memory, or an expanded circuit description, not just the length of the program that generates them. One genuinely stronger question is whether charging total preprocessing and query-evaluation time $t$ yields a bound polynomial in $(m,1/\tau,n,\ell,t)$ in a specified finite-bit model. This finite-bit resource question remains open.  
                                                                                                                                                                                                                                                                                                                                                                                                                                                ^
Warning 3 in sections/10_discussion.tex line 34: You should enclose the previous parenthesis with `{}'.
 \sqrt{\operatorname{VC}(H)}\le m_{\rm avg}(A)^{-1}\le\rect(A)^{-1}.  
                                             ^
Warning 3 in sections/10_discussion.tex line 34: You should enclose the previous parenthesis with `{}'.
 \sqrt{\operatorname{VC}(H)}\le m_{\rm avg}(A)^{-1}\le\rect(A)^{-1}.  
                                                             ^
Warning 3 in sections/10_discussion.tex line 36: You should enclose the previous parenthesis with `{}'.
In particular, if $\rect(A)^{-1}\le\operatorname{poly}(n)$, these three classical lower-bound parameters cannot certify superpolynomial sign-rank. The bound concerns the three displayed certificates; actual sign-rank can be larger.  
                          ^
Warning 8 in sections/10_discussion.tex line 36: Wrong length of dash may have been used.
In particular, if $\rect(A)^{-1}\le\operatorname{poly}(n)$, these three classical lower-bound parameters cannot certify superpolynomial sign-rank. The bound concerns the three displayed certificates; actual sign-rank can be larger.  
                                                                                       ^
Warning 8 in sections/10_discussion.tex line 36: Wrong length of dash may have been used.
In particular, if $\rect(A)^{-1}\le\operatorname{poly}(n)$, these three classical lower-bound parameters cannot certify superpolynomial sign-rank. The bound concerns the three displayed certificates; actual sign-rank can be larger.  
                                                                                                                                            ^
Warning 8 in sections/10_discussion.tex line 36: Wrong length of dash may have been used.
In particular, if $\rect(A)^{-1}\le\operatorname{poly}(n)$, these three classical lower-bound parameters cannot certify superpolynomial sign-rank. The bound concerns the three displayed certificates; actual sign-rank can be larger.  
                                                                                                                                                                                                                   ^
Warning 1 in sections/10_discussion.tex line 39: Command terminated with space.
\noindent Proof: see \cref{proof:classicalbarrier}.\par  
         ^
Warning 1 in sections/10_discussion.tex line 39: Command terminated with space.
\noindent Proof: see \cref{proof:classicalbarrier}.\par  
                                                       ^
Warning 8 in sections/10_discussion.tex line 42: Wrong length of dash may have been used.
The chain and its original average-margin interpretation are due to \citet{HHPTZ22}; the proof is included to fix the orientation and strict-sign issue. A counterexample obtained with a polynomial inverse rectangle bound cannot be certified as high-sign-rank by those numerical parameters. Counting is already a way around that barrier, as Theorem~\ref{thm:construction} demonstrates. Therefore the barrier does not rescue the program-length conjecture. For an \emph{efficiently explicit} sequence it motivates seeking a method beyond those parameters, in the direction of \citet[Problem~4.1]{HHPTZ22}.  
                                  ^
Warning 8 in sections/10_discussion.tex line 42: Wrong length of dash may have been used.
The chain and its original average-margin interpretation are due to \citet{HHPTZ22}; the proof is included to fix the orientation and strict-sign issue. A counterexample obtained with a polynomial inverse rectangle bound cannot be certified as high-sign-rank by those numerical parameters. Counting is already a way around that barrier, as Theorem~\ref{thm:construction} demonstrates. Therefore the barrier does not rescue the program-length conjecture. For an \emph{efficiently explicit} sequence it motivates seeking a method beyond those parameters, in the direction of \citet[Problem~4.1]{HHPTZ22}.  
                                                                                                                                            ^
Warning 8 in sections/10_discussion.tex line 42: Wrong length of dash may have been used.
The chain and its original average-margin interpretation are due to \citet{HHPTZ22}; the proof is included to fix the orientation and strict-sign issue. A counterexample obtained with a polynomial inverse rectangle bound cannot be certified as high-sign-rank by those numerical parameters. Counting is already a way around that barrier, as Theorem~\ref{thm:construction} demonstrates. Therefore the barrier does not rescue the program-length conjecture. For an \emph{efficiently explicit} sequence it motivates seeking a method beyond those parameters, in the direction of \citet[Problem~4.1]{HHPTZ22}.  
                                                                                                                                                                                                                                                        ^
Warning 8 in sections/10_discussion.tex line 42: Wrong length of dash may have been used.
The chain and its original average-margin interpretation are due to \citet{HHPTZ22}; the proof is included to fix the orientation and strict-sign issue. A counterexample obtained with a polynomial inverse rectangle bound cannot be certified as high-sign-rank by those numerical parameters. Counting is already a way around that barrier, as Theorem~\ref{thm:construction} demonstrates. Therefore the barrier does not rescue the program-length conjecture. For an \emph{efficiently explicit} sequence it motivates seeking a method beyond those parameters, in the direction of \citet[Problem~4.1]{HHPTZ22}.  
                                                                                                                                                                                                                                                             ^
Warning 8 in sections/10_discussion.tex line 42: Wrong length of dash may have been used.
The chain and its original average-margin interpretation are due to \citet{HHPTZ22}; the proof is included to fix the orientation and strict-sign issue. A counterexample obtained with a polynomial inverse rectangle bound cannot be certified as high-sign-rank by those numerical parameters. Counting is already a way around that barrier, as Theorem~\ref{thm:construction} demonstrates. Therefore the barrier does not rescue the program-length conjecture. For an \emph{efficiently explicit} sequence it motivates seeking a method beyond those parameters, in the direction of \citet[Problem~4.1]{HHPTZ22}.  
                                                                                                                                                                                                                                                                                                                                                                                                                                                  ^
Warning 8 in sections/10_discussion.tex line 44: Wrong length of dash may have been used.
The recent topological methods provide a distinct parameter, not one proved bounded by this chain. The checked results do not supply the missing efficient total construction: \citet{FHV26} prove near-$2k$ bounds for certain \emph{partial} Gap Hamming matrices, while \citet{GHIS25} bound the sign-rank of total $k$-Hamming-distance matrices by $2^{O(k)}$ independently of the bit dimension. These facts neither rule out a future topological route nor prove that it evades the rectangle obstruction on the particular flip family. The efficiently explicit total construction remains open.  
                                                                                                                                                                                                                                                                                                        ^
Warning 8 in sections/10_discussion.tex line 44: Wrong length of dash may have been used.
The recent topological methods provide a distinct parameter, not one proved bounded by this chain. The checked results do not supply the missing efficient total construction: \citet{FHV26} prove near-$2k$ bounds for certain \emph{partial} Gap Hamming matrices, while \citet{GHIS25} bound the sign-rank of total $k$-Hamming-distance matrices by $2^{O(k)}$ independently of the bit dimension. These facts neither rule out a future topological route nor prove that it evades the rectangle obstruction on the particular flip family. The efficiently explicit total construction remains open.  
                                                                                                                                                                                                                                                                                                                                  ^
Warning 8 in sections/10_discussion.tex line 49: Wrong length of dash may have been used.
Fix the full-length template line $\ell_0:y=x+1$ and the uniform distribution on its $N$ points. Choose $A$ by independent fair incidence flips. Let a single learner, chosen independently of $A$, receive $T$ independent labeled samples from $(D,h_{\ell_0})$ and no further information about $A$. Then  
            ^
Warning 3 in sections/10_discussion.tex line 52: You should enclose the previous parenthesis with `{}'.
 \ge\frac12(1-1/N)^T  
                 ^
Warning 1 in sections/10_discussion.tex line 58: Command terminated with space.
\noindent Proof: see \cref{proof:unseen}.\par  
         ^
Warning 1 in sections/10_discussion.tex line 58: Command terminated with space.
\noindent Proof: see \cref{proof:unseen}.\par  
                                             ^
Warning 8 in sections/10_discussion.tex line 62: Wrong length of dash may have been used.
The final inequality in \cref{prop:unseen} requires one table-independent learner that succeeds on average over tables or uniformly over all tables. It fails as a sample requirement for an individual table: the all-positive table needs no samples. Therefore counting-based random tables obstruct hidden-table learning, but do not prove that every class-dependent benign-SGD choice satisfies the proposed dimension bound. A negative answer to Open Question 1 must exhibit a class of large dimension together with a small fully connected bias-free network and a proof that its specified Gaussian-initialized logistic-loss online updates learn under every marginal. For an efficiently explicit constant-rectangle candidate, \cref{thm:classicalbarrier} identifies which classical lower-bound certificates cannot establish the required dimension.  
                                                             ^
Warning 8 in sections/10_discussion.tex line 62: Wrong length of dash may have been used.
The final inequality in \cref{prop:unseen} requires one table-independent learner that succeeds on average over tables or uniformly over all tables. It fails as a sample requirement for an individual table: the all-positive table needs no samples. Therefore counting-based random tables obstruct hidden-table learning, but do not prove that every class-dependent benign-SGD choice satisfies the proposed dimension bound. A negative answer to Open Question 1 must exhibit a class of large dimension together with a small fully connected bias-free network and a proof that its specified Gaussian-initialized logistic-loss online updates learn under every marginal. For an efficiently explicit constant-rectangle candidate, \cref{thm:classicalbarrier} identifies which classical lower-bound certificates cannot establish the required dimension.  
                                                                                                                                                                                                                      ^
Warning 8 in sections/10_discussion.tex line 62: Wrong length of dash may have been used.
The final inequality in \cref{prop:unseen} requires one table-independent learner that succeeds on average over tables or uniformly over all tables. It fails as a sample requirement for an individual table: the all-positive table needs no samples. Therefore counting-based random tables obstruct hidden-table learning, but do not prove that every class-dependent benign-SGD choice satisfies the proposed dimension bound. A negative answer to Open Question 1 must exhibit a class of large dimension together with a small fully connected bias-free network and a proof that its specified Gaussian-initialized logistic-loss online updates learn under every marginal. For an efficiently explicit constant-rectangle candidate, \cref{thm:classicalbarrier} identifies which classical lower-bound certificates cannot establish the required dimension.  
                                                                                                                                                                                                                                                                          ^
Warning 8 in sections/10_discussion.tex line 62: Wrong length of dash may have been used.
The final inequality in \cref{prop:unseen} requires one table-independent learner that succeeds on average over tables or uniformly over all tables. It fails as a sample requirement for an individual table: the all-positive table needs no samples. Therefore counting-based random tables obstruct hidden-table learning, but do not prove that every class-dependent benign-SGD choice satisfies the proposed dimension bound. A negative answer to Open Question 1 must exhibit a class of large dimension together with a small fully connected bias-free network and a proof that its specified Gaussian-initialized logistic-loss online updates learn under every marginal. For an efficiently explicit constant-rectangle candidate, \cref{thm:classicalbarrier} identifies which classical lower-bound certificates cannot establish the required dimension.  
                                                                                                                                                                                                                                                                                                              ^
Warning 8 in sections/10_discussion.tex line 62: Wrong length of dash may have been used.
The final inequality in \cref{prop:unseen} requires one table-independent learner that succeeds on average over tables or uniformly over all tables. It fails as a sample requirement for an individual table: the all-positive table needs no samples. Therefore counting-based random tables obstruct hidden-table learning, but do not prove that every class-dependent benign-SGD choice satisfies the proposed dimension bound. A negative answer to Open Question 1 must exhibit a class of large dimension together with a small fully connected bias-free network and a proof that its specified Gaussian-initialized logistic-loss online updates learn under every marginal. For an efficiently explicit constant-rectangle candidate, \cref{thm:classicalbarrier} identifies which classical lower-bound certificates cannot establish the required dimension.  
                                                                                                                                                                                                                                                                                                                                                                ^
Warning 8 in sections/10_discussion.tex line 62: Wrong length of dash may have been used.
The final inequality in \cref{prop:unseen} requires one table-independent learner that succeeds on average over tables or uniformly over all tables. It fails as a sample requirement for an individual table: the all-positive table needs no samples. Therefore counting-based random tables obstruct hidden-table learning, but do not prove that every class-dependent benign-SGD choice satisfies the proposed dimension bound. A negative answer to Open Question 1 must exhibit a class of large dimension together with a small fully connected bias-free network and a proof that its specified Gaussian-initialized logistic-loss online updates learn under every marginal. For an efficiently explicit constant-rectangle candidate, \cref{thm:classicalbarrier} identifies which classical lower-bound certificates cannot establish the required dimension.  
                                                                                                                                                                                                                                                                                                                                                                                 ^
Warning 8 in sections/10_discussion.tex line 62: Wrong length of dash may have been used.
The final inequality in \cref{prop:unseen} requires one table-independent learner that succeeds on average over tables or uniformly over all tables. It fails as a sample requirement for an individual table: the all-positive table needs no samples. Therefore counting-based random tables obstruct hidden-table learning, but do not prove that every class-dependent benign-SGD choice satisfies the proposed dimension bound. A negative answer to Open Question 1 must exhibit a class of large dimension together with a small fully connected bias-free network and a proof that its specified Gaussian-initialized logistic-loss online updates learn under every marginal. For an efficiently explicit constant-rectangle candidate, \cref{thm:classicalbarrier} identifies which classical lower-bound certificates cannot establish the required dimension.  
                                                                                                                                                                                                                                                                                                                                                                                                                                                                                                                                                            ^
Warning 8 in sections/10_discussion.tex line 62: Wrong length of dash may have been used.
The final inequality in \cref{prop:unseen} requires one table-independent learner that succeeds on average over tables or uniformly over all tables. It fails as a sample requirement for an individual table: the all-positive table needs no samples. Therefore counting-based random tables obstruct hidden-table learning, but do not prove that every class-dependent benign-SGD choice satisfies the proposed dimension bound. A negative answer to Open Question 1 must exhibit a class of large dimension together with a small fully connected bias-free network and a proof that its specified Gaussian-initialized logistic-loss online updates learn under every marginal. For an efficiently explicit constant-rectangle candidate, \cref{thm:classicalbarrier} identifies which classical lower-bound certificates cannot establish the required dimension.  
                                                                                                                                                                                                                                                                                                                                                                                                                                                                                                                                                                                                                 ^
Warning 8 in sections/10_discussion.tex line 62: Wrong length of dash may have been used.
The final inequality in \cref{prop:unseen} requires one table-independent learner that succeeds on average over tables or uniformly over all tables. It fails as a sample requirement for an individual table: the all-positive table needs no samples. Therefore counting-based random tables obstruct hidden-table learning, but do not prove that every class-dependent benign-SGD choice satisfies the proposed dimension bound. A negative answer to Open Question 1 must exhibit a class of large dimension together with a small fully connected bias-free network and a proof that its specified Gaussian-initialized logistic-loss online updates learn under every marginal. For an efficiently explicit constant-rectangle candidate, \cref{thm:classicalbarrier} identifies which classical lower-bound certificates cannot establish the required dimension.  
                                                                                                                                                                                                                                                                                                                                                                                                                                                                                                                                                                                                                                      ^
Warning 8 in sections/10_discussion.tex line 62: Wrong length of dash may have been used.
The final inequality in \cref{prop:unseen} requires one table-independent learner that succeeds on average over tables or uniformly over all tables. It fails as a sample requirement for an individual table: the all-positive table needs no samples. Therefore counting-based random tables obstruct hidden-table learning, but do not prove that every class-dependent benign-SGD choice satisfies the proposed dimension bound. A negative answer to Open Question 1 must exhibit a class of large dimension together with a small fully connected bias-free network and a proof that its specified Gaussian-initialized logistic-loss online updates learn under every marginal. For an efficiently explicit constant-rectangle candidate, \cref{thm:classicalbarrier} identifies which classical lower-bound certificates cannot establish the required dimension.  
                                                                                                                                                                                                                                                                                                                                                                                                                                                                                                                                                                                                                                                                                                                           ^
Warning 8 in sections/10_discussion.tex line 62: Wrong length of dash may have been used.
The final inequality in \cref{prop:unseen} requires one table-independent learner that succeeds on average over tables or uniformly over all tables. It fails as a sample requirement for an individual table: the all-positive table needs no samples. Therefore counting-based random tables obstruct hidden-table learning, but do not prove that every class-dependent benign-SGD choice satisfies the proposed dimension bound. A negative answer to Open Question 1 must exhibit a class of large dimension together with a small fully connected bias-free network and a proof that its specified Gaussian-initialized logistic-loss online updates learn under every marginal. For an efficiently explicit constant-rectangle candidate, \cref{thm:classicalbarrier} identifies which classical lower-bound certificates cannot establish the required dimension.  
                                                                                                                                                                                                                                                                                                                                                                                                                                                                                                                                                                                                                                                                                                                                                                                                             ^
Warning 8 in sections/10_discussion.tex line 65: Wrong length of dash may have been used.
\Cref{thm:communication} converts bounded product-average deterministic communication into a common SQ learner. \Cref{thm:halfspaces} shows that neither bounded communication nor a large rectangle ratio is necessary. Cube halfspaces and parities both have exponentially small rectangles; only parities have the corresponding exponential SQ lower bound from orthogonality. A characterization therefore needs a representation or optimization resource beyond the rectangle ratio alone.  
                                                 ^
Warning 8 in sections/10_discussion.tex line 67: Wrong length of dash may have been used.
The standard rescaling route in the opposite direction simulates halfspace learning by SQ using dimension, accuracy and the logarithm of the inverse margin \citep{DV04,BF13}. Grid-coordinate margin bounds make the bit complexity of a representation relevant \citep{GSS13}. By contrast, the domain-size consequence of \cref{thm:main} is direct:  
                                                                                                                                                                                   ^
Warning 8 in sections/10_discussion.tex line 67: Wrong length of dash may have been used.
The standard rescaling route in the opposite direction simulates halfspace learning by SQ using dimension, accuracy and the logarithm of the inverse margin \citep{DV04,BF13}. Grid-coordinate margin bounds make the bit complexity of a representation relevant \citep{GSS13}. By contrast, the domain-size consequence of \cref{thm:main} is direct:  
                                                                                                                                                                                                                                                                                                        ^
Warning 8 in sections/10_discussion.tex line 72: Wrong length of dash may have been used.
It uses the combinatorial bound on VC dimension from rectangles, rather than a small-dimensional realization of the class.  
                                                                                    ^
Warning 1 in sections/10_discussion.tex line 76: Command terminated with space.
\item Find one efficiently entry-computable family with polynomial-length descriptions that has constant or polynomial inverse rectangle ratio and dimension exceeding every polynomial in the encoding length. The PRF and advice constructions give one family for each prescribed degree; they do not select such a single polynomial-description family. This follows the explicit-construction direction of \citet[Problem~4.1]{HHPTZ22}.  
     ^
Warning 8 in sections/10_discussion.tex line 76: Wrong length of dash may have been used.
\item Find one efficiently entry-computable family with polynomial-length descriptions that has constant or polynomial inverse rectangle ratio and dimension exceeding every polynomial in the encoding length. The PRF and advice constructions give one family for each prescribed degree; they do not select such a single polynomial-description family. This follows the explicit-construction direction of \citet[Problem~4.1]{HHPTZ22}.  
                                ^
Warning 8 in sections/10_discussion.tex line 76: Wrong length of dash may have been used.
\item Find one efficiently entry-computable family with polynomial-length descriptions that has constant or polynomial inverse rectangle ratio and dimension exceeding every polynomial in the encoding length. The PRF and advice constructions give one family for each prescribed degree; they do not select such a single polynomial-description family. This follows the explicit-construction direction of \citet[Problem~4.1]{HHPTZ22}.  
                                                                  ^
Warning 8 in sections/10_discussion.tex line 76: Wrong length of dash may have been used.
\item Find one efficiently entry-computable family with polynomial-length descriptions that has constant or polynomial inverse rectangle ratio and dimension exceeding every polynomial in the encoding length. The PRF and advice constructions give one family for each prescribed degree; they do not select such a single polynomial-description family. This follows the explicit-construction direction of \citet[Problem~4.1]{HHPTZ22}.  
                                                                                                                                                                                                                                                                                                                                        ^
Warning 8 in sections/10_discussion.tex line 76: Wrong length of dash may have been used.
\item Find one efficiently entry-computable family with polynomial-length descriptions that has constant or polynomial inverse rectangle ratio and dimension exceeding every polynomial in the encoding length. The PRF and advice constructions give one family for each prescribed degree; they do not select such a single polynomial-description family. This follows the explicit-construction direction of \citet[Problem~4.1]{HHPTZ22}.  
                                                                                                                                                                                                                                                                                                                                                                                      ^
Warning 1 in sections/10_discussion.tex line 77: Command terminated with space.
\item Resolve the class-dependent benign online-SGD question stated in \cref{sec:resources}. Separately, determine whether charging preprocessing, query evaluation, generated memory and expanded model description yields a dimension bound in a specified finite-bit resource model.  
     ^
Warning 8 in sections/10_discussion.tex line 77: Wrong length of dash may have been used.
\item Resolve the class-dependent benign online-SGD question stated in \cref{sec:resources}. Separately, determine whether charging preprocessing, query evaluation, generated memory and expanded model description yields a dimension bound in a specified finite-bit resource model.  
                       ^
Warning 8 in sections/10_discussion.tex line 77: Wrong length of dash may have been used.
\item Resolve the class-dependent benign online-SGD question stated in \cref{sec:resources}. Separately, determine whether charging preprocessing, query evaluation, generated memory and expanded model description yields a dimension bound in a specified finite-bit resource model.  
                                               ^
Warning 8 in sections/10_discussion.tex line 77: Wrong length of dash may have been used.
\item Resolve the class-dependent benign online-SGD question stated in \cref{sec:resources}. Separately, determine whether charging preprocessing, query evaluation, generated memory and expanded model description yields a dimension bound in a specified finite-bit resource model.  
                                                                                                                                                                                                                                                                   ^
Warning 1 in sections/10_discussion.tex line 78: Command terminated with space.
\item Characterize distribution-independent SQ learnability by a resource that separates cube halfspaces from parities while including the rectangle condition as a sufficient case.  
     ^
Warning 8 in sections/10_discussion.tex line 78: Wrong length of dash may have been used.
\item Characterize distribution-independent SQ learnability by a resource that separates cube halfspaces from parities while including the rectangle condition as a sufficient case.  
                               ^
Warning 1 in sections/10_discussion.tex line 79: Command terminated with space.
\item Determine the optimal joint query/tolerance tradeoff. The projective planes have $\rho=\Theta(q)$ and $m/\tau^2=\Omega(\rho)$, while the rectangle theorem gives $O_\epsilon(\rho^3\log|H|)$. Reducing the succinct median learner from $O(n^2)$ to $O(n)$ queries is a separate concrete target.  
     ^
Warning 8 in paper.tex line 22: Wrong length of dash may have been used.
\label{main-end}  
           ^
Warning 1 in paper.tex line 24: Command terminated with space.
\clearpage  
          ^
Warning 1 in paper.tex line 27: Command terminated with space.
\clearpage  
          ^
Warning 1 in paper.tex line 28: Command terminated with space.
\appendix  
         ^
Warning 8 in appendices/oracle_bounds.tex line 2: Wrong length of dash may have been used.
The inequalities below prove \cref{thm:main} for arbitrary valid oracle responses. In the table below $u=D(U)$, $s=D(S)$, $a=s/u$, $b=\nu(T)$, $w=D(S\cap\{h^*\ne c\})$, and hats denote oracle answers. ``Pathwise'' means that no random-oracle assumption is used. The conditioning for mixture expectations includes the returned $\widehat u$ and all earlier history, but precedes the fresh rectangle draw.  
                                                                                                                                                                                                                                          ^
Warning 1 in appendices/oracle_bounds.tex line 4: Command terminated with space.
\small  
      ^
Warning 1 in appendices/oracle_bounds.tex line 6: Command terminated with space.
\toprule  
        ^
Warning 1 in appendices/oracle_bounds.tex line 8: Command terminated with space.
\midrule\endfirsthead  
                     ^
Warning 1 in appendices/oracle_bounds.tex line 9: Command terminated with space.
\toprule & Inequality or invariant & Adverse valid answer or justification & Randomness used\\\midrule\endhead  
        ^
Warning 1 in appendices/oracle_bounds.tex line 9: Command terminated with space.
\toprule & Inequality or invariant & Adverse valid answer or justification & Randomness used\\\midrule\endhead  
                                                                                                              ^
Warning 3 in appendices/oracle_bounds.tex line 18: You should enclose the previous parenthesis with `{}'.
R9 & Before peel $j$: $\epsilon/8\le(1-r/4)^{j-1}\le e^{-(j-1)r/4}$ & R2, R5, and $\ln(1-z)\le-z$. & Pathwise\\  
                                          ^
Warning 1 in appendices/oracle_bounds.tex line 30: Command terminated with space.
\bottomrule  
           ^
Warning 1 in appendices/oracle_bounds.tex line 32: Command terminated with space.
\normalsize  
           ^
Warning 8 in appendices/oracle_bounds.tex line 36: Wrong length of dash may have been used.
\begin{proof}[Proof of \cref{lem:ties} and the zero-incidence convention]  
                                                   ^
Warning 8 in appendices/oracle_bounds.tex line 37: Wrong length of dash may have been used.
There are exactly $N(N+1)/2$ empty template rows: row $(a,b)$ has no incidence precisely when $b>2N^2-a$. They are all-positive rows of every flip. Their weights $k_h/I$ in Theorem~\ref{thm:prob} are zero; no uniform distribution on an empty set is formed. For nonempty rows these weights sum to one. For a fixed embedding, loss minimization ranges over finitely many attained sign patterns, so the infimum is a minimum. The weighted incidence mistake count is an integer divided by $I$; some embedding has value at most its expectation bound. The same embedding is used for every row, with row-specific weights, exactly as required by the definition.  
                                                                                                                      ^
Warning 8 in appendices/oracle_bounds.tex line 37: Wrong length of dash may have been used.
There are exactly $N(N+1)/2$ empty template rows: row $(a,b)$ has no incidence precisely when $b>2N^2-a$. They are all-positive rows of every flip. Their weights $k_h/I$ in Theorem~\ref{thm:prob} are zero; no uniform distribution on an empty set is formed. For nonempty rows these weights sum to one. For a fixed embedding, loss minimization ranges over finitely many attained sign patterns, so the infimum is a minimum. The weighted incidence mistake count is an integer divided by $I$; some embedding has value at most its expectation bound. The same embedding is used for every row, with row-specific weights, exactly as required by the definition.  
                                                                                                                                                                                                                                                                                                                                                                                                                                                                                                                                                                                                                  ^
Warning 8 in appendices/oracle_bounds.tex line 39: Wrong length of dash may have been used.
The working convention is $\sign(0)=+1$. A positive row-specific bias in one common added coordinate turns zero scores positive without changing any negative score. Thus the strict rank in the counting argument is $d+1$, and the event is $\dc^\eta<s_\eta$, not $\dc^\eta\le s_\eta$. If the sign convention is $\sign(0)=-1$, use a negative bias. If zero predictions are counted as errors, replacing them by $+1$ can only reduce the number of mistakes, so the same lower bound still follows. Exact probabilistic dimension uses a full-support marginal; zero loss means that every point is correct. These observations make the conclusions insensitive to either fixed tie rule, without weakening the universal quantifiers over $D$ and $h$.  
                                                       ^
Warning 8 in appendices/oracle_bounds.tex line 39: Wrong length of dash may have been used.
The working convention is $\sign(0)=+1$. A positive row-specific bias in one common added coordinate turns zero scores positive without changing any negative score. Thus the strict rank in the counting argument is $d+1$, and the event is $\dc^\eta<s_\eta$, not $\dc^\eta\le s_\eta$. If the sign convention is $\sign(0)=-1$, use a negative bias. If zero predictions are counted as errors, replacing them by $+1$ can only reduce the number of mistakes, so the same lower bound still follows. Exact probabilistic dimension uses a full-support marginal; zero loss means that every point is correct. These observations make the conclusions insensitive to either fixed tie rule, without weakening the universal quantifiers over $D$ and $h$.  
                                                                                                                                                                                                                                                                                                                                                                                                                                                                                                                                                   ^
Warning 8 in appendices/family_proof.tex line 1: Wrong length of dash may have been used.
\section{The grid construction and counting bound}\label{app:family-proof}  
                                                                   ^
Warning 3 in appendices/family_proof.tex line 9: You should enclose the previous parenthesis with `{}'.
Their dot product is $(ax+b-y)^2-1/2$. It is negative on incidences and positive on nonincidences because all coordinates are integers. Thus the six-dimensional strict factorization proves $\sr(F)\le6$. Both vectors are nonzero and may be normalized to unit vectors. Every row of $A$ has at most $N$ negative points. Enumerate all domain points by $t\in[K]$ and use $(1,t,\ldots,t^{2N})$. For a row with negative index set $S$, the polynomial $\prod_{a\in S}(t-a)^2-1/2$ is negative exactly on $S$ and positive at every other integer domain point. The empty product is one. This proves $\dc(H_A)\le2N+1$ for every member.  
                             ^
Warning 8 in appendices/family_proof.tex line 9: Wrong length of dash may have been used.
Their dot product is $(ax+b-y)^2-1/2$. It is negative on incidences and positive on nonincidences because all coordinates are integers. Thus the six-dimensional strict factorization proves $\sr(F)\le6$. Both vectors are nonzero and may be normalized to unit vectors. Every row of $A$ has at most $N$ negative points. Enumerate all domain points by $t\in[K]$ and use $(1,t,\ldots,t^{2N})$. For a row with negative index set $S$, the polynomial $\prod_{a\in S}(t-a)^2-1/2$ is negative exactly on $S$ and positive at every other integer domain point. The empty product is one. This proves $\dc(H_A)\le2N+1$ for every member.  
                                                                                                                                                    ^
Warning 3 in appendices/family_proof.tex line 9: You should enclose the previous parenthesis with `{}'.
Their dot product is $(ax+b-y)^2-1/2$. It is negative on incidences and positive on nonincidences because all coordinates are integers. Thus the six-dimensional strict factorization proves $\sr(F)\le6$. Both vectors are nonzero and may be normalized to unit vectors. Every row of $A$ has at most $N$ negative points. Enumerate all domain points by $t\in[K]$ and use $(1,t,\ldots,t^{2N})$. For a row with negative index set $S$, the polynomial $\prod_{a\in S}(t-a)^2-1/2$ is negative exactly on $S$ and positive at every other integer domain point. The empty product is one. This proves $\dc(H_A)\le2N+1$ for every member.  
                                                                                                                                                                                                                                                                                                                                                                                                                                                                              ^
Warning 8 in appendices/family_proof.tex line 11: Wrong length of dash may have been used.
For fixed $a,x$, exactly $2N^2-ax$ values of $b\in[2N^2]$ give an incidence with $y\in[2N^2]$. Summing proves \eqref{eq:I}. The lower bound uses $(N+1)/2\le N$. If two distinct affine lines share points $(x,y)$ and $(x',y')$, subtraction gives $(a-c)(x-x')=0$. If $a=c$, their shared point forces equal intercepts, a contradiction. Otherwise $x=x'$ and then $y=y'$. Hence $F$, and therefore $A$, has no all-negative $2\times2$. Shattering three columns would require one row negative on all three and a distinct row negative on two of them, which creates such a submatrix. Therefore $\operatorname{VC}(A)\le2$.  
                                                                                                                                                                                                                                                                                                                                                                                                                      ^
Warning 8 in appendices/family_proof.tex line 13: Wrong length of dash may have been used.
The homogeneous-rectangle theorem of \citet{APP05}, in the formulation checked in \citet[Theorem 1.9]{HHPTZ22}, states that an $a\times b$ sign matrix of sign-rank at most $d$ contains a monochromatic rectangle with each side at least the corresponding side length divided by $2^{d+1}$. Apply \cref{lem:product-weights}, since sign-rank is unchanged by repetition. It follows that  
               ^
Warning 8 in appendices/family_proof.tex line 13: Wrong length of dash may have been used.
The homogeneous-rectangle theorem of \citet{APP05}, in the formulation checked in \citet[Theorem 1.9]{HHPTZ22}, states that an $a\times b$ sign matrix of sign-rank at most $d$ contains a monochromatic rectangle with each side at least the corresponding side length divided by $2^{d+1}$. Apply \cref{lem:product-weights}, since sign-rank is unchanged by repetition. It follows that  
                                                                                                                                                              ^
Warning 8 in appendices/family_proof.tex line 13: Wrong length of dash may have been used.
The homogeneous-rectangle theorem of \citet{APP05}, in the formulation checked in \citet[Theorem 1.9]{HHPTZ22}, states that an $a\times b$ sign matrix of sign-rank at most $d$ contains a monochromatic rectangle with each side at least the corresponding side length divided by $2^{d+1}$. Apply \cref{lem:product-weights}, since sign-rank is unchanged by repetition. It follows that  
                                                                                                                                                                                                                                                                                                                      ^
Warning 8 in appendices/family_proof.tex line 13: Wrong length of dash may have been used.
The homogeneous-rectangle theorem of \citet{APP05}, in the formulation checked in \citet[Theorem 1.9]{HHPTZ22}, states that an $a\times b$ sign matrix of sign-rank at most $d$ contains a monochromatic rectangle with each side at least the corresponding side length divided by $2^{d+1}$. Apply \cref{lem:product-weights}, since sign-rank is unchanged by repetition. It follows that  
                                                                                                                                                                                                                                                                                                                                           ^
Warning 8 in appendices/family_proof.tex line 14: Wrong length of dash may have been used.
\begin{equation}\label{eq:sharp-rect}  
                               ^
Warning 1 in appendices/family_proof.tex line 19: Command terminated with space.
 \sr(F)\le d,\quad F\text{ has no negative }2\times2  
          ^
Warning 1 in appendices/family_proof.tex line 19: Command terminated with space.
 \sr(F)\le d,\quad F\text{ has no negative }2\times2  
                  ^
Warning 1 in appendices/family_proof.tex line 20: Command terminated with space.
 \quad\Longrightarrow\quad \rect(A)\ge2^{-(2d+3)}.  
                          ^
Warning 36 in appendices/family_proof.tex line 20: You should put a space in front of parenthesis.
 \quad\Longrightarrow\quad \rect(A)\ge2^{-(2d+3)}.  
                                          ^
Warning 8 in appendices/family_proof.tex line 24: Wrong length of dash may have been used.
For the counting bound, we use the strict-pattern formulation of Warren\textquotesingle s theorem \citep{Warren68} given in \citet[Theorem 21 and Lemma 22]{AMY16}: $s\ge v$ real polynomials of degree at most $k$ in $v$ variables have at most $(4eks/v)^v$ strict sign patterns. A rank-at-most-$d$ $K\times K$ matrix factors as a $K\times d$ matrix times a $d\times K$ matrix. Its $K^2$ entries are degree-two polynomials in $2Kd$ variables. Therefore, for $1\le d\le K/2$,  
                                         ^
Warning 1 in appendices/family_proof.tex line 24: Command terminated with space.
For the counting bound, we use the strict-pattern formulation of Warren\textquotesingle s theorem \citep{Warren68} given in \citet[Theorem 21 and Lemma 22]{AMY16}: $s\ge v$ real polynomials of degree at most $k$ in $v$ variables have at most $(4eks/v)^v$ strict sign patterns. A rank-at-most-$d$ $K\times K$ matrix factors as a $K\times d$ matrix times a $d\times K$ matrix. Its $K^2$ entries are degree-two polynomials in $2Kd$ variables. Therefore, for $1\le d\le K/2$,  
                                                                                       ^
Warning 3 in appendices/family_proof.tex line 24: You should enclose the previous parenthesis with `{}'.
For the counting bound, we use the strict-pattern formulation of Warren\textquotesingle s theorem \citep{Warren68} given in \citet[Theorem 21 and Lemma 22]{AMY16}: $s\ge v$ real polynomials of degree at most $k$ in $v$ variables have at most $(4eks/v)^v$ strict sign patterns. A rank-at-most-$d$ $K\times K$ matrix factors as a $K\times d$ matrix times a $d\times K$ matrix. Its $K^2$ entries are degree-two polynomials in $2Kd$ variables. Therefore, for $1\le d\le K/2$,  
                                                                                                                                                                                                                                                          ^
Warning 8 in appendices/family_proof.tex line 24: Wrong length of dash may have been used.
For the counting bound, we use the strict-pattern formulation of Warren\textquotesingle s theorem \citep{Warren68} given in \citet[Theorem 21 and Lemma 22]{AMY16}: $s\ge v$ real polynomials of degree at most $k$ in $v$ variables have at most $(4eks/v)^v$ strict sign patterns. A rank-at-most-$d$ $K\times K$ matrix factors as a $K\times d$ matrix times a $d\times K$ matrix. Its $K^2$ entries are degree-two polynomials in $2Kd$ variables. Therefore, for $1\le d\le K/2$,  
                                                                                                                                                                                                                                                                                           ^
Warning 8 in appendices/family_proof.tex line 24: Wrong length of dash may have been used.
For the counting bound, we use the strict-pattern formulation of Warren\textquotesingle s theorem \citep{Warren68} given in \citet[Theorem 21 and Lemma 22]{AMY16}: $s\ge v$ real polynomials of degree at most $k$ in $v$ variables have at most $(4eks/v)^v$ strict sign patterns. A rank-at-most-$d$ $K\times K$ matrix factors as a $K\times d$ matrix times a $d\times K$ matrix. Its $K^2$ entries are degree-two polynomials in $2Kd$ variables. Therefore, for $1\le d\le K/2$,  
                                                                                                                                                                                                                                                                                              ^
Warning 8 in appendices/family_proof.tex line 24: Wrong length of dash may have been used.
For the counting bound, we use the strict-pattern formulation of Warren\textquotesingle s theorem \citep{Warren68} given in \citet[Theorem 21 and Lemma 22]{AMY16}: $s\ge v$ real polynomials of degree at most $k$ in $v$ variables have at most $(4eks/v)^v$ strict sign patterns. A rank-at-most-$d$ $K\times K$ matrix factors as a $K\times d$ matrix times a $d\times K$ matrix. Its $K^2$ entries are degree-two polynomials in $2Kd$ variables. Therefore, for $1\le d\le K/2$,  
                                                                                                                                                                                                                                                                                                                                                                                                                   ^
Warning 1 in appendices/family_proof.tex line 26: Command terminated with space.
 \#\{B\in\{-1,+1\}^{K\times K}:\sr(B)\le d\}  
                           ^
Warning 1 in appendices/family_proof.tex line 26: Command terminated with space.
 \#\{B\in\{-1,+1\}^{K\times K}:\sr(B)\le d\}  
                                        ^
Warning 8 in appendices/cap_proper_proofs.tex line 1: Wrong length of dash may have been used.
\section{Proofs for cap mixtures and proper learning}\label{app:proofs-B}  
                                                                      ^
Warning 8 in appendices/cap_proper_proofs.tex line 5: Wrong length of dash may have been used.
We first make the once-only perturbation precise. Number the rows $j=1,\ldots,K$. Replace a row vector $v_j$ by  
                      ^
Warning 8 in appendices/cap_proper_proofs.tex line 9: Wrong length of dash may have been used.
Choose a positive rational upper bound $t_0$ so that every dot product retains its strict sign for $0<t<t_0$. The finitely many original rational dot products and the perturbation dot products give such a bound by direct comparison. For each $d$-subset of rows, its determinant is a polynomial in $t$ of degree $d$ whose leading coefficient is a nonzero Vandermonde determinant. At most $d\binom Kd$ values are forbidden. Testing that many plus one rational grid values in $(0,t_0)$ finds a valid value, with polynomial bit length and polynomial work for fixed $d$. When $K<d$, no perturbation is needed: use the evaluation-coordinate construction below for every survivor set. For $K\ge d$, the same perturbation works for every later survivor set.  
                                                                                                                                                                                                                                                                                                                                                                                                                                                                                                                                                                                                                                               ^
Warning 8 in appendices/cap_proper_proofs.tex line 11: Wrong length of dash may have been used.
Suppose there are $k>d$ surviving rows. Any proper $j$-dimensional subspace contains at most $j$ of them, strictly less than $kj/d$. The radial-isotropy proof of Theorem~\ref{thm:forster} therefore applies; its convex formulation is also proved in Appendix~\ref{app:convex}. Transform and normalize the rows to vectors $v_h\in S^{d-1}$ with  
                                                                                                                                               ^
Warning 25 in appendices/cap_proper_proofs.tex line 13: You might wish to put this between a pair of `{}'
 \E_\nu v_hv_h^\top=I_d/d.  
          ^^
Warning 3 in appendices/cap_proper_proofs.tex line 15: You should enclose the previous parenthesis with `{}'.
Transform points contragrediently and normalize them to $z_x$. All template signs remain strict. If $k\le d$, retain \emph{all} rows and replace the factorization by evaluation coordinates: let $\widetilde z_x=(\langle v_h,u_x\rangle)_{h\in V}$ and use row vectors $e_h\in\R^k$. Every coordinate of $\widetilde z_x$ is nonzero by strictness, so its normalization is defined and preserves every sign. For the uniform surviving-row prior, $k^{-1}\sum_{h\in V}e_he_h^\top=I_k/k$. This is a new factorization, not an invertible map of the original ambient space. No target is discarded.  
                                                                                                                                                                                                                                         ^
Warning 8 in appendices/cap_proper_proofs.tex line 15: Wrong length of dash may have been used.
Transform points contragrediently and normalize them to $z_x$. All template signs remain strict. If $k\le d$, retain \emph{all} rows and replace the factorization by evaluation coordinates: let $\widetilde z_x=(\langle v_h,u_x\rangle)_{h\in V}$ and use row vectors $e_h\in\R^k$. Every coordinate of $\widetilde z_x$ is nonzero by strictness, so its normalization is defined and preserves every sign. For the uniform surviving-row prior, $k^{-1}\sum_{h\in V}e_he_h^\top=I_k/k$. This is a new factorization, not an invertible map of the original ambient space. No target is discarded.  
                                                                                                                                                                                                                                                                                                                                                                                                                                         ^
Warning 25 in appendices/cap_proper_proofs.tex line 15: You might wish to put this between a pair of `{}'
Transform points contragrediently and normalize them to $z_x$. All template signs remain strict. If $k\le d$, retain \emph{all} rows and replace the factorization by evaluation coordinates: let $\widetilde z_x=(\langle v_h,u_x\rangle)_{h\in V}$ and use row vectors $e_h\in\R^k$. Every coordinate of $\widetilde z_x$ is nonzero by strictness, so its normalization is defined and preserves every sign. For the uniform surviving-row prior, $k^{-1}\sum_{h\in V}e_he_h^\top=I_k/k$. This is a new factorization, not an invertible map of the original ambient space. No target is discarded.  
                                                                                                                                                                                                                                                                                                                                                                                                                                                                           ^^
Warning 8 in appendices/cap_proper_proofs.tex line 32: Wrong length of dash may have been used.
because $s,t>0$ and $s^2+t^2>1$. Replacing $v$ by $-v$ proves the negative-side assertion. Thus $C_u\times T_u^+$ is positive in $F$, and $C_u\times T_u^-$ is negative in $F$.  
                                                                          ^
Warning 8 in appendices/cap_proper_proofs.tex line 34: Wrong length of dash may have been used.
A positive rectangle survives in $A$. A negative rectangle has a singleton side. If its row side is $\{h\}$, partition $C_u\cap U$ according to $h(x)$ in $A$ and choose either color with probability $1/2$. If its point side is $\{x\}$, partition the row side according to $h(x)$ and choose either color with probability $1/2$. Empty outcomes are allowed. The singleton-point case is essential and is not replaced by a singleton-row assumption. Conditional on $x\in C_u$, its expected weighted coverage after this split is at least half the chosen side's mass, hence at least $1/(8j)$. Rotational invariance gives probability $c_j$ of cap membership. Therefore the pointwise bound is $c_j/(8j)\ge c_d/(8d)$. To verify the last inequality, couple the first coordinate of uniform spheres by normalizing an increasing list of independent standard Gaussians. Its absolute value decreases as dimension grows, while $\sqrt{1-1/(2j)}$ increases. Symmetry supplies the factor $1/2$, including the case $j=1$.  
                                                                                                                                                                                                                                                                                                                                                                                ^
Warning 8 in appendices/cap_proper_proofs.tex line 34: Wrong length of dash may have been used.
A positive rectangle survives in $A$. A negative rectangle has a singleton side. If its row side is $\{h\}$, partition $C_u\cap U$ according to $h(x)$ in $A$ and choose either color with probability $1/2$. If its point side is $\{x\}$, partition the row side according to $h(x)$ and choose either color with probability $1/2$. Empty outcomes are allowed. The singleton-point case is essential and is not replaced by a singleton-row assumption. Conditional on $x\in C_u$, its expected weighted coverage after this split is at least half the chosen side's mass, hence at least $1/(8j)$. Rotational invariance gives probability $c_j$ of cap membership. Therefore the pointwise bound is $c_j/(8j)\ge c_d/(8d)$. To verify the last inequality, couple the first coordinate of uniform spheres by normalizing an increasing list of independent standard Gaussians. Its absolute value decreases as dimension grows, while $\sqrt{1-1/(2j)}$ increases. Symmetry supplies the factor $1/2$, including the case $j=1$.  
                                                                                                                                                                                                                                                                                                                                                                                                                                           ^
Warning 8 in appendices/cap_proper_proofs.tex line 36: Wrong length of dash may have been used.
For finite-bit computation, Appendix~\ref{app:convex} gives a deterministic rational transform with normalized covariance at least $3I_j/(4j)$. The preceding second-moment argument then gives total side mass at least $1/(4j)$, selected-side mass at least $1/(8j)$, and split coverage at least $1/(16j)$ whenever a point belongs to the cap.  
          ^
Warning 8 in appendices/cap_proper_proofs.tex line 36: Wrong length of dash may have been used.
For finite-bit computation, Appendix~\ref{app:convex} gives a deterministic rational transform with normalized covariance at least $3I_j/(4j)$. The preceding second-moment argument then gives total side mass at least $1/(4j)$, selected-side mass at least $1/(8j)$, and split coverage at least $1/(16j)$ whenever a point belongs to the cap.  
                                                                                                                                                                    ^
Warning 8 in appendices/cap_proper_proofs.tex line 36: Wrong length of dash may have been used.
For finite-bit computation, Appendix~\ref{app:convex} gives a deterministic rational transform with normalized covariance at least $3I_j/(4j)$. The preceding second-moment argument then gives total side mass at least $1/(4j)$, selected-side mass at least $1/(8j)$, and split coverage at least $1/(16j)$ whenever a point belongs to the cap.  
                                                                                                                                                                                                                                           ^
Warning 3 in appendices/cap_proper_proofs.tex line 40: You should enclose the previous parenthesis with `{}'.
 W_j=\left\{\frac{g}{\|g\|}:0\ne g\in(16j)^{-1}\mathbb Z^j\cap[-1,1]^j\right\},  
                                         ^
Warning 3 in appendices/cap_proper_proofs.tex line 40: You should enclose the previous parenthesis with `{}'.
 W_j=\left\{\frac{g}{\|g\|}:0\ne g\in(16j)^{-1}\mathbb Z^j\cap[-1,1]^j\right\},  
                                                                   ^
Warning 3 in appendices/cap_proper_proofs.tex line 41: You should enclose the previous parenthesis with `{}'.
 \qquad J_j=|W_j|\le(32j+1)^j.  
                          ^
Warning 36 in appendices/cap_proper_proofs.tex line 45: You should put a space in front of parenthesis.
 r_d=\frac1{16d(32d+1)^d}  
               ^
Warning 8 in appendices/cap_proper_proofs.tex line 50: Wrong length of dash may have been used.
\] The row-side tests use the analogous strict squared comparison. Consequently no exact sampling of a continuous direction is required. Theorem~\ref{thm:main} with $r_d$ proves the randomized finite-bit bound.  
          ^
Warning 8 in appendices/cap_proper_proofs.tex line 50: Wrong length of dash may have been used.
\] The row-side tests use the analogous strict squared comparison. Consequently no exact sampling of a continuous direction is required. Theorem~\ref{thm:main} with $r_d$ proves the randomized finite-bit bound.  
                                                                                                                                                                                                       ^
Warning 25 in appendices/cap_proper_proofs.tex line 52: You might wish to put this between a pair of `{}'
For determinism, enumerate the at most $2J_j$ outcomes and query each $D(S)$, using the same tolerance and stopping check as Theorem~\ref{thm:main} with $r_d$. Choose the outcome maximizing $b\widehat s$, where $b=\nu(T)$. Coverage implies that some outcome has $bs\ge r_du$. The chosen one has  
                                                                                                                                                                                                                                                                               ^^
Warning 25 in appendices/cap_proper_proofs.tex line 54: You might wish to put this between a pair of `{}'
 bs\ge r_du-2\tau,\qquad ab\ge r_d-2\tau/u\ge3r_d/4.  
         ^^
Warning 8 in appendices/cap_proper_proofs.tex line 56: Wrong length of dash may have been used.
Thus both $a$ and $b$ are at least $3r_d/4$. Query its mismatch mass and peel or eliminate exactly as before. The target survives, and all error bounds remain valid. Each stage has progress at least $3r_d/4$, whereas the deterministic total-progress bound is $B$. There cannot be more than $\lceil4B/(3r_d)\rceil+1$ nonstopping stages. There are $O_d(1)$ queries per stage. This proves the deterministic claim, without fixing a successful private seed after seeing $D$.  
                                                                                                                                                                                                                                                ^
Warning 8 in appendices/cap_proper_proofs.tex line 61: Wrong length of dash may have been used.
Set $\theta=\epsilon/4$ and run RECTIFY at accuracy $\theta$, stopping at its first proposed negative peel. Until then all assigned labels, and its fallback, are positive. If it stops normally without a negative peel, output the all-positive member of $H$. The error is at most $\theta/2$. Its budget-failure probability is at most $\theta/2$.  
                                                                                                                                                                                                                                        ^
Warning 8 in appendices/cap_proper_proofs.tex line 61: Wrong length of dash may have been used.
Set $\theta=\epsilon/4$ and run RECTIFY at accuracy $\theta$, stopping at its first proposed negative peel. Until then all assigned labels, and its fallback, are positive. If it stops normally without a negative peel, output the all-positive member of $H$. The error is at most $\theta/2$. Its budget-failure probability is at most $\theta/2$.  
                                                                                                                                                                                                                                                                                                            ^
Warning 8 in appendices/cap_proper_proofs.tex line 85: Wrong length of dash may have been used.
Its expectation is exactly $\beta$ if $h^*\in W$ and exactly zero otherwise. Thus threshold $\epsilon/8$ distinguishes the two cases, since $\tau<\epsilon/16$. Binary search finds the target row in at most $\lceil\log_2K\rceil$ queries. If two indexed rows coincide and contain only $p$ as a negative point, this branch cannot occur; in the positive-tail branch the target row is unique.  
                                                                                                                                                                                                                                                                                                                                                             ^
Warning 8 in appendices/cap_proper_proofs.tex line 98: Wrong length of dash may have been used.
All nonfailure outcomes are proper and have loss at most $\epsilon/2+\tau$. Any budget failure can output the all-positive row, with loss at most one. Expected loss is bounded by  
                                                                                                                 ^
Warning 8 in appendices/cap_proper_proofs.tex line 102: Wrong length of dash may have been used.
The extra query counts give \eqref{eq:propercomplexity}. Using the deterministic net implementation removes the budget-failure event and leaves the same proper completion. Its computation consists of cap tests, row-label tests, and unions of explicitly listed row supports, all polynomial in the table size.  
                                                                                                                      ^
Warning 8 in appendices/cap_proper_proofs.tex line 102: Wrong length of dash may have been used.
The extra query counts give \eqref{eq:propercomplexity}. Using the deterministic net implementation removes the budget-failure event and leaves the same proper completion. Its computation consists of cap tests, row-label tests, and unions of explicitly listed row supports, all polynomial in the table size.  
                                                                                                                                                                                                                      ^
Warning 8 in appendices/median_proofs.tex line 1: Wrong length of dash may have been used.
\section{Proof of the order-median learner}\label{app:proofs-C}  
                           ^
Warning 8 in appendices/median_proofs.tex line 1: Wrong length of dash may have been used.
\section{Proof of the order-median learner}\label{app:proofs-C}  
                                                            ^
Warning 8 in appendices/median_proofs.tex line 7: Wrong length of dash may have been used.
In the light-atom case, $m\le\widehat\beta/8+\zeta\le\beta/8+9\zeta/8$. Add this to the upper bound on $\mu^-\{f<v\}$ to obtain \eqref{eq:balancedmedian}. In the other case $m>\widehat\beta/8-\zeta\ge\beta/8-9\zeta/8>\beta/9$, since $\beta\ge512\zeta$.  
            ^
Warning 8 in appendices/median_proofs.tex line 12: Wrong length of dash may have been used.
Query $\beta$, obtaining $\widehat\beta$. If $\widehat\beta\le\epsilon/4$, return the all-positive row $(a,b)=(1,2N^2)$. Its loss is at most $\epsilon/4+\zeta$. Otherwise  
                                                                                         ^
Warning 8 in appendices/median_proofs.tex line 17: Wrong length of dash may have been used.
All subsequent negative-measure queries are unconditioned indicators and have error at most $\zeta$.  
                       ^
Warning 8 in appendices/median_proofs.tex line 19: Wrong length of dash may have been used.
First take a noisy median $v_x$ of $x$. If its atom is heavy in Lemma~\ref{lem:median}, it consists of one negative point: a nonvertical target line has at most one point with a given $x$ coordinate. Binary queries $\mu^-\{x=v_x,y\le t\}$ locate its $y$ coordinate. Each such query has true mass either zero or more than $\beta/9$. Threshold $\widehat\beta/32$ distinguishes these cases despite error $\zeta$: it exceeds $\zeta$ and is less than $\beta/9-\zeta$. We then use the heavy-point completion described below.  
                                                                                                                                                                                                                                                                                                                                                                                                                                                                                                    ^
Warning 8 in appendices/median_proofs.tex line 28: Wrong length of dash may have been used.
Suppose that atom is heavy. Query its intersection mass $l$ with $P$. If both $\widehat l\ge\widehat\beta/8$ and $\widehat m-\widehat l\ge\widehat\beta/8$, then $a=a^*$ and $v=b^*$. Indeed, for $a\ne a^*$, $f_a$ is injective on the target line, so its atom is a single point and lies wholly on one side of $P$. One of the true split masses is zero. Its directly observed value is at most $\zeta$, or its difference of two observed values at most $2\zeta$, both less than $\widehat\beta/8$. Conversely, when $a=a^*$, the atom has mass $\beta$ and the median value is exactly $b^*$. The two true split masses are at least $\beta/2-3\zeta/2$ and $3\beta/8-21\zeta/8$ by \eqref{eq:balancedmedian}. Their observed lower bounds exceed $\widehat\beta/8$, using $\beta>512\zeta$. Thus the test accepts precisely the constant-residual case. Return the exact target row in that case. If the split test fails, the heavy atom is a single negative point; locate its $x$ coordinate by binary queries restricted to $\{f_a=v\}$, then put $y=ax+v$ and use the heavy-point completion.  
                                                                                                                                                                                                                                                                                                                                                                                                                                                                                                                                                                                                                                                                                                                                                                                                                                                ^
Warning 8 in appendices/median_proofs.tex line 28: Wrong length of dash may have been used.
Suppose that atom is heavy. Query its intersection mass $l$ with $P$. If both $\widehat l\ge\widehat\beta/8$ and $\widehat m-\widehat l\ge\widehat\beta/8$, then $a=a^*$ and $v=b^*$. Indeed, for $a\ne a^*$, $f_a$ is injective on the target line, so its atom is a single point and lies wholly on one side of $P$. One of the true split masses is zero. Its directly observed value is at most $\zeta$, or its difference of two observed values at most $2\zeta$, both less than $\widehat\beta/8$. Conversely, when $a=a^*$, the atom has mass $\beta$ and the median value is exactly $b^*$. The two true split masses are at least $\beta/2-3\zeta/2$ and $3\beta/8-21\zeta/8$ by \eqref{eq:balancedmedian}. Their observed lower bounds exceed $\widehat\beta/8$, using $\beta>512\zeta$. Thus the test accepts precisely the constant-residual case. Return the exact target row in that case. If the split test fails, the heavy atom is a single negative point; locate its $x$ coordinate by binary queries restricted to $\{f_a=v\}$, then put $y=ax+v$ and use the heavy-point completion.  
                                                                                                                                                                                                                                                                                                                                                                                                                                                                                                                                                                                                                                                                                                                                                                                                                                                                                                                                                                                                                                                                                        ^
Warning 8 in appendices/median_proofs.tex line 40: Wrong length of dash may have been used.
Query this intersection and compare its answer to $3\widehat\beta/8$. In the first case the answer is at least $\beta/2-5\zeta/2>3\widehat\beta/8$; in the second it is at most $\beta/4+25\zeta/4<3\widehat\beta/8$. Both inequalities follow from $\beta>512\zeta$. Equality of slopes is impossible in the light case, because the entire negative mass would be one residual atom. Retain the appropriate strict half of the slope interval. After $O(\log N)$ stages only $a^*$ remains. A median query search for its constant residual gives $b^*$, so return $h_{a^*,b^*}$. Each slope stage uses $O(\log N)$ queries. This is the all-light algorithm.  
                                                                                                                                                                                                                                                                                                                                                                                                                                                                                                                                                                                                                                              ^
Warning 8 in appendices/median_proofs.tex line 42: Wrong length of dash may have been used.
\paragraph{Heavy-point completion.}  
                ^
Warning 8 in appendices/median_proofs.tex line 47: Wrong length of dash may have been used.
If its answer exceeds $\epsilon/4$, then $\beta_p>\epsilon/4-\zeta$. For a half-interval of slopes in the star at $p$, query negative mass away from $p$ on the union of those lines. Every negative point other than $p$ determines the same unique target slope, so this query is exactly zero or $\beta_p$. Threshold $\epsilon/8$ distinguishes the cases. Binary search identifies the target in $O(\log N)$ queries. The union is succinctly evaluable: for a query point $q\ne p$, test $q_x\ne p_x$, divisibility of $q_y-p_y$ by $q_x-p_x$, and membership of the quotient in the chosen slope interval. This requires no enumeration and no evaluation of flips.  
                                                                               ^
Warning 8 in appendices/median_proofs.tex line 57: Wrong length of dash may have been used.
If $t(p)>C_0$, star-regularity supplies at least $t(p)/4$ rows negative at $p$. The sets of negative points of different star rows outside $p$ are disjoint. At most $8/\epsilon$ rows can therefore have $D$-mass greater than $\epsilon/8$ on their outside negative sets. At least $t(p)/4-8/\epsilon\ge t(p)/8$ rows are negative at $p$ and have outside negative mass at most $\epsilon/8$. Every such row has loss at most  
                   ^
Warning 8 in appendices/median_proofs.tex line 65: Wrong length of dash may have been used.
independent star slopes as follows: draw $q=\lceil\log_2t(p)\rceil$ unbiased bits, interpret them as an integer, reduce modulo $t(p)$, and add one. Every slope has probability at least $1/(2t(p))$, so a guaranteed-passing row has probability at least $1/16$ in each trial. Evaluate its label at $p$ and test negative rows as above. The chance that no guaranteed-passing row is sampled is at most $(1-1/16)^J\le\epsilon/4$. On that event return the all-positive row. All other outputs have error at most $\epsilon/2+\zeta$. The expected loss is at most $\epsilon/2+\zeta+\epsilon/4<\epsilon$.  
                                                                                                                                                                                                                     ^
Warning 8 in appendices/median_proofs.tex line 65: Wrong length of dash may have been used.
independent star slopes as follows: draw $q=\lceil\log_2t(p)\rceil$ unbiased bits, interpret them as an integer, reduce modulo $t(p)$, and add one. Every slope has probability at least $1/(2t(p))$, so a guaranteed-passing row has probability at least $1/16$ in each trial. Evaluate its label at $p$ and test negative rows as above. The chance that no guaranteed-passing row is sampled is at most $(1-1/16)^J\le\epsilon/4$. On that event return the all-positive row. All other outputs have error at most $\epsilon/2+\zeta$. The expected loss is at most $\epsilon/2+\zeta+\epsilon/4<\epsilon$.  
                                                                                                                                                                                                                                                                                                                                                                         ^
Warning 3 in appendices/median_proofs.tex line 65: You should enclose the previous parenthesis with `{}'.
independent star slopes as follows: draw $q=\lceil\log_2t(p)\rceil$ unbiased bits, interpret them as an integer, reduce modulo $t(p)$, and add one. Every slope has probability at least $1/(2t(p))$, so a guaranteed-passing row has probability at least $1/16$ in each trial. Evaluate its label at $p$ and test negative rows as above. The chance that no guaranteed-passing row is sampled is at most $(1-1/16)^J\le\epsilon/4$. On that event return the all-positive row. All other outputs have error at most $\epsilon/2+\zeta$. The expected loss is at most $\epsilon/2+\zeta+\epsilon/4<\epsilon$.  
                                                                                                                                                                                                                                                                                                                                                                                                                    ^
Warning 8 in appendices/median_proofs.tex line 65: Wrong length of dash may have been used.
independent star slopes as follows: draw $q=\lceil\log_2t(p)\rceil$ unbiased bits, interpret them as an integer, reduce modulo $t(p)$, and add one. Every slope has probability at least $1/(2t(p))$, so a guaranteed-passing row has probability at least $1/16$ in each trial. Evaluate its label at $p$ and test negative rows as above. The chance that no guaranteed-passing row is sampled is at most $(1-1/16)^J\le\epsilon/4$. On that event return the all-positive row. All other outputs have error at most $\epsilon/2+\zeta$. The expected loss is at most $\epsilon/2+\zeta+\epsilon/4<\epsilon$.  
                                                                                                                                                                                                                                                                                                                                                                                                                                                                   ^
Warning 8 in appendices/median_proofs.tex line 67: Wrong length of dash may have been used.
There are $O(n^2)$ median queries, $O(n)$ locating and star-search queries, and at most $O(n+1/\epsilon+\log(1/\epsilon))$ candidate tests. Every predicate uses polynomially many $n$-bit integer operations and at most one entry evaluation. The output is either a row index with its evaluation algorithm or, in the improper case, a point predictor. The finite answer rounding specified before Lemma~\ref{lem:median} completes the bit-complexity assertion.  
                                                           ^
Warning 8 in appendices/median_proofs.tex line 67: Wrong length of dash may have been used.
There are $O(n^2)$ median queries, $O(n)$ locating and star-search queries, and at most $O(n+1/\epsilon+\log(1/\epsilon))$ candidate tests. Every predicate uses polynomially many $n$-bit integer operations and at most one entry evaluation. The output is either a row index with its evaluation algorithm or, in the improper case, a point predictor. The finite answer rounding specified before Lemma~\ref{lem:median} completes the bit-complexity assertion.  
                                                                                                                                                                                                                                                                                                                                                                                                                                                ^
Warning 8 in appendices/explicit_proofs.tex line 1: Wrong length of dash may have been used.
\section{Proofs for the explicit families}\label{app:proofs-D}  
                                                           ^
Warning 8 in appendices/explicit_proofs.tex line 5: Wrong length of dash may have been used.
When $D_k\ge1$, we have $k\ge32$ and $1\le D_k\le k\le K_k/2$, so the range condition in \eqref{eq:warren} holds. We use $k\ge32$ only to bound the logarithm, not as the first positive-floor threshold. Thus  
                                                                                                                                                                                        ^
Warning 8 in appendices/explicit_proofs.tex line 9: Wrong length of dash may have been used.
The strict-pattern bound \eqref{eq:warren} therefore gives at most  
          ^
Warning 25 in appendices/explicit_proofs.tex line 11: You might wish to put this between a pair of `{}'
 2^{2K_kD_k\cdot4\log_2k}\le2^{(2/3)k^4}  
       ^^
Warning 8 in appendices/explicit_proofs.tex line 13: Wrong length of dash may have been used.
low-rank tables. For $k\ge3$, $(k+1)^2/(4k^2)\le4/9<1/2$, so $I_k\ge(3/2)k^4$. Dividing the preceding count by $2^{I_k}$ gives at most $2^{-5k^4/6}\le2^{-k^4/2}$. If $D_k=0$, no nonempty strict sign matrix has that rank.  
   ^
Warning 3 in appendices/explicit_proofs.tex line 13: You should enclose the previous parenthesis with `{}'.
low-rank tables. For $k\ge3$, $(k+1)^2/(4k^2)\le4/9<1/2$, so $I_k\ge(3/2)k^4$. Dividing the preceding count by $2^{I_k}$ gives at most $2^{-5k^4/6}\le2^{-k^4/2}$. If $D_k=0$, no nonempty strict sign matrix has that rank.  
                                   ^
Warning 8 in appendices/explicit_proofs.tex line 15: Wrong length of dash may have been used.
For the decision algorithm, query the incidence bits and fill the known off-incidence entries. The condition is equivalent to feasibility of  
                                                                           ^
Warning 25 in appendices/explicit_proofs.tex line 19: You might wish to put this between a pair of `{}'
Indeed a strict factorization can be scaled to have all signed scores at least one, since there are finitely many positive signed scores. The converse is immediate. There are $2K_kD_k$ real variables and $K_k^2$ degree-two polynomial inequalities with bounded integer coefficients. We use the singly exponential existential-real consistency bound in the formulation of \citet{Vorobjov21}, attributed there to \citet{Renegar92}: $(sd)^{O(v)}L^{O(1)}$ bit operations for $s$ polynomials of degree at most $d$, $v$ variables, and coefficient bit length $L$. Substitution gives $2^{O(k^3D_k\log k)}$. This is a use of the classical decision theorem, not a practical algorithm for the large full table.  
                                                                                                                                                                                   ^^
Warning 8 in appendices/explicit_proofs.tex line 19: Wrong length of dash may have been used.
Indeed a strict factorization can be scaled to have all signed scores at least one, since there are finitely many positive signed scores. The converse is immediate. There are $2K_kD_k$ real variables and $K_k^2$ degree-two polynomial inequalities with bounded integer coefficients. We use the singly exponential existential-real consistency bound in the formulation of \citet{Vorobjov21}, attributed there to \citet{Renegar92}: $(sd)^{O(v)}L^{O(1)}$ bit operations for $s$ polynomials of degree at most $d$, $v$ variables, and coefficient bit length $L$. Substitution gives $2^{O(k^3D_k\log k)}$. This is a use of the classical decision theorem, not a practical algorithm for the large full table.  
                                                                                                                                                                                                                          ^
Warning 8 in appendices/explicit_proofs.tex line 19: Wrong length of dash may have been used.
Indeed a strict factorization can be scaled to have all signed scores at least one, since there are finitely many positive signed scores. The converse is immediate. There are $2K_kD_k$ real variables and $K_k^2$ degree-two polynomial inequalities with bounded integer coefficients. We use the singly exponential existential-real consistency bound in the formulation of \citet{Vorobjov21}, attributed there to \citet{Renegar92}: $(sd)^{O(v)}L^{O(1)}$ bit operations for $s$ polynomials of degree at most $d$, $v$ variables, and coefficient bit length $L$. Substitution gives $2^{O(k^3D_k\log k)}$. This is a use of the classical decision theorem, not a practical algorithm for the large full table.  
                                                                                                                                                                                                                                                                                                                                   ^
Warning 3 in appendices/explicit_proofs.tex line 19: You should enclose the previous parenthesis with `{}'.
Indeed a strict factorization can be scaled to have all signed scores at least one, since there are finitely many positive signed scores. The converse is immediate. There are $2K_kD_k$ real variables and $K_k^2$ degree-two polynomial inequalities with bounded integer coefficients. We use the singly exponential existential-real consistency bound in the formulation of \citet{Vorobjov21}, attributed there to \citet{Renegar92}: $(sd)^{O(v)}L^{O(1)}$ bit operations for $s$ polynomials of degree at most $d$, $v$ variables, and coefficient bit length $L$. Substitution gives $2^{O(k^3D_k\log k)}$. This is a use of the classical decision theorem, not a practical algorithm for the large full table.  
                                                                                                                                                                                                                                                                                                                                                                                                                                                ^
Warning 8 in appendices/explicit_proofs.tex line 24: Wrong length of dash may have been used.
The evaluation claim follows from integer arithmetic and one PRF evaluation. The rectangle and proper-learning bounds hold for every monotone flip, without any randomness assumption on its entries.  
                                                                                                     ^
Warning 8 in appendices/explicit_proofs.tex line 26: Wrong length of dash may have been used.
Take the subgrid scale $k=\lceil c n^c\rceil$, which is at most $N$ for sufficiently large $n$. Restrict both the full row set and point set to $[k]\times[2k^2]$. The template and flip law restricted there are exactly the scale-$k$ construction. An oracle distinguisher reads its incidence bits and accepts precisely when its sign-rank is at most $D_k$. Its time is  
                                                                                                                                                                                                                                                                                                                                          ^
Warning 3 in appendices/explicit_proofs.tex line 43: You should enclose the previous parenthesis with `{}'.
 \Pr[Z<t/4]\le e^{\lambda t/4}\left(\frac{1+e^{-\lambda}}2\right)^t  
                                                                ^
Warning 3 in appendices/explicit_proofs.tex line 44: You should enclose the previous parenthesis with `{}'.
 =\left(\frac{2}{3^{3/4}}\right)^t\le e^{-t/16}.  
                               ^
Warning 3 in appendices/explicit_proofs.tex line 46: You should enclose the previous parenthesis with `{}'.
For the last elementary inequality, $\ln(3^{3/4}/2)>1/16$; for example $3^3/2^4=27/16>e^{1/4}$, since $e^{1/4}\le(1-1/4)^{-1}=4/3<27/16$. If $t\ge64\lceil n\rceil$, the failure probability is at most $e^{-4n}$. There are at most $2^n$ points, so a union bound gives $e^{-(4-\ln2)n}\le e^{-3n}$.  
                                                                                                                       ^
Warning 8 in appendices/explicit_proofs.tex line 48: Wrong length of dash may have been used.
A distinguisher can read every incidence bit and test all stars in time $2^{O(n)}$. This is below $2^{\sigma^\delta}$ for the stated key length. The random-function bound plus PRF indistinguishability proves the claim. Polynomial growth of $\sigma$ in $n$ makes $e^{-3n}$ negligible in the key length as well.  
                                                                                                                                                           ^
Warning 8 in appendices/explicit_proofs.tex line 53: Wrong length of dash may have been used.
Intersect the high-rank key event from Theorem~\ref{thm:prf} with the star-regular event from Lemma~\ref{lem:regularstars}. Their two negligible exceptional probabilities have negligible sum. Apply Theorem~\ref{thm:fast} and the polynomial-time entry evaluator.  
                  ^
Warning 8 in appendices/explicit_proofs.tex line 53: Wrong length of dash may have been used.
Intersect the high-rank key event from Theorem~\ref{thm:prf} with the star-regular event from Lemma~\ref{lem:regularstars}. Their two negligible exceptional probabilities have negligible sum. Apply Theorem~\ref{thm:fast} and the polynomial-time entry evaluator.  
                                                                          ^
Warning 8 in appendices/explicit_proofs.tex line 53: Wrong length of dash may have been used.
Intersect the high-rank key event from Theorem~\ref{thm:prf} with the star-regular event from Lemma~\ref{lem:regularstars}. Their two negligible exceptional probabilities have negligible sum. Apply Theorem~\ref{thm:fast} and the polynomial-time entry evaluator.  
                                                                                                                                                                                                                                               ^
Warning 8 in appendices/explicit_proofs.tex line 61: Wrong length of dash may have been used.
Collapse all points outside the subgrid into one positive point. The effective domain has $2k^3+1$ points and the effective class at most $2k^3+1$ rows; every row outside the subgrid is all-positive. A strict template representation in dimension seven is obtained from the original six coordinates by adjoining a coordinate that is zero on old points, one on the added point, and one on all row vectors. The added point vector has its other coordinates zero. An all-positive row already occurs in the subgrid, so the collapsed rows require no additional row sign pattern. Adding it preserves the no-negative-$2\times2$ property.  
                                                                                                                                                                                             ^
Warning 8 in appendices/explicit_proofs.tex line 61: Wrong length of dash may have been used.
Collapse all points outside the subgrid into one positive point. The effective domain has $2k^3+1$ points and the effective class at most $2k^3+1$ rows; every row outside the subgrid is all-positive. A strict template representation in dimension seven is obtained from the original six coordinates by adjoining a coordinate that is zero on old points, one on the added point, and one on all row vectors. The added point vector has its other coordinates zero. An all-positive row already occurs in the subgrid, so the collapsed rows require no additional row sign pattern. Adding it preserves the no-negative-$2\times2$ property.  
                                                                                                                                                                                                                                                                                                                                                                                                                                                                                 ^
Warning 8 in appendices/explicit_proofs.tex line 61: Wrong length of dash may have been used.
Collapse all points outside the subgrid into one positive point. The effective domain has $2k^3+1$ points and the effective class at most $2k^3+1$ rows; every row outside the subgrid is all-positive. A strict template representation in dimension seven is obtained from the original six coordinates by adjoining a coordinate that is zero on old points, one on the added point, and one on all row vectors. The added point vector has its other coordinates zero. An all-positive row already occurs in the subgrid, so the collapsed rows require no additional row sign pattern. Adding it preserves the no-negative-$2\times2$ property.  
                                                                                                                                                                                                                                                                                                                                                                                                                                                                                                                                                                                                                      ^
Warning 8 in appendices/explicit_proofs.tex line 63: Wrong length of dash may have been used.
Apply the deterministic cap and proper constructions to this polynomial-size effective table. Every effective SQ is simulated by composing its query with the known collapsing map, so its expectation under an arbitrary original marginal is exactly the expectation under the pushforward marginal. The proper output extends by $+1$ outside the subgrid and belongs to the original class. The query count is $O_\epsilon(\log k)=O_{c,\epsilon}(\log n)$, and the table computation is polynomial in $n$ for fixed $c$.  
                                                                       ^
Warning 8 in appendices/certificate_proofs.tex line 1: Wrong length of dash may have been used.
\section{Spectral, communication and representation proofs}\label{app:proofs-E}  
                                                                            ^
Warning 8 in appendices/certificate_proofs.tex line 5: Wrong length of dash may have been used.
Fix a product distribution and a protocol of expected cost at most $c>0$. Markov's inequality gives probability at least $1/2$ to leaves of depth at most $2c$. There are at most $2^{\lfloor2c\rfloor}$ such leaves: their transcript words are prefix-free, and each can be extended to a distinct word of length $\lfloor2c\rfloor$. One of their rectangles has mass at least $2^{-\lfloor2c\rfloor-1}\ge2^{-2c-1}$. A zero-cost protocol has a monochromatic support rectangle of mass one, so the same claimed weaker bound holds. Taking the infimum over product distributions proves the first inequality. The finite domain permits a minimum expected-cost exact protocol: redundant repeated-state branches can be removed, bounding depth by a finite function of the domain sizes. Alternatively, use costs within arbitrarily small additive slack and pass to the limit.  
                                                                                                                                                                                                                                                       ^
Warning 8 in appendices/certificate_proofs.tex line 5: Wrong length of dash may have been used.
Fix a product distribution and a protocol of expected cost at most $c>0$. Markov's inequality gives probability at least $1/2$ to leaves of depth at most $2c$. There are at most $2^{\lfloor2c\rfloor}$ such leaves: their transcript words are prefix-free, and each can be extended to a distinct word of length $\lfloor2c\rfloor$. One of their rectangles has mass at least $2^{-\lfloor2c\rfloor-1}\ge2^{-2c-1}$. A zero-cost protocol has a monochromatic support rectangle of mass one, so the same claimed weaker bound holds. Taking the infimum over product distributions proves the first inequality. The finite domain permits a minimum expected-cost exact protocol: redundant repeated-state branches can be removed, bounding depth by a finite function of the domain sizes. Alternatively, use costs within arbitrarily small additive slack and pass to the limit.  
                                                                                                                                                                                                                                                                                                                                                                                                                               ^
Warning 8 in appendices/certificate_proofs.tex line 5: Wrong length of dash may have been used.
Fix a product distribution and a protocol of expected cost at most $c>0$. Markov's inequality gives probability at least $1/2$ to leaves of depth at most $2c$. There are at most $2^{\lfloor2c\rfloor}$ such leaves: their transcript words are prefix-free, and each can be extended to a distinct word of length $\lfloor2c\rfloor$. One of their rectangles has mass at least $2^{-\lfloor2c\rfloor-1}\ge2^{-2c-1}$. A zero-cost protocol has a monochromatic support rectangle of mass one, so the same claimed weaker bound holds. Taking the infimum over product distributions proves the first inequality. The finite domain permits a minimum expected-cost exact protocol: redundant repeated-state branches can be removed, bounding depth by a finite function of the domain sizes. Alternatively, use costs within arbitrarily small additive slack and pass to the limit.  
                                                                                                                                                                                                                                                                                                                                                                                                                                                                                                                                                                                                                                                                ^
Warning 8 in appendices/certificate_proofs.tex line 5: Wrong length of dash may have been used.
Fix a product distribution and a protocol of expected cost at most $c>0$. Markov's inequality gives probability at least $1/2$ to leaves of depth at most $2c$. There are at most $2^{\lfloor2c\rfloor}$ such leaves: their transcript words are prefix-free, and each can be extended to a distinct word of length $\lfloor2c\rfloor$. One of their rectangles has mass at least $2^{-\lfloor2c\rfloor-1}\ge2^{-2c-1}$. A zero-cost protocol has a monochromatic support rectangle of mass one, so the same claimed weaker bound holds. Taking the infimum over product distributions proves the first inequality. The finite domain permits a minimum expected-cost exact protocol: redundant repeated-state branches can be removed, bounding depth by a finite function of the domain sizes. Alternatively, use costs within arbitrarily small additive slack and pass to the limit.  
                                                                                                                                                                                                                                                                                                                                                                                                                                                                                                                                                                                                                                                                                                        ^
Warning 8 in appendices/certificate_proofs.tex line 7: Wrong length of dash may have been used.
For the converse put $r=\rect(H)$. At any current rectangular cell, condition the original product distribution on that cell. Its positive-mass conditional law is still product, and the restricted matrix still has rectangle ratio at least $r$. Fix a monochromatic rectangle of conditional mass at least $r$. The parties exchange their two membership bits. If both are one, output its color. Otherwise continue in the indicated one of the three remaining rectangular cells. Every nonempty continuing cell is a proper subcell: a positive-mass rectangle has both sides nonempty, and either a row or point has been excluded. Thus this exact protocol terminates after finitely many stages on every positive-support pair. Zero-mass cells can be completed by any finite exact protocol, without expected cost.  
                                                                                                                                          ^
Warning 8 in appendices/certificate_proofs.tex line 7: Wrong length of dash may have been used.
For the converse put $r=\rect(H)$. At any current rectangular cell, condition the original product distribution on that cell. Its positive-mass conditional law is still product, and the restricted matrix still has rectangle ratio at least $r$. Fix a monochromatic rectangle of conditional mass at least $r$. The parties exchange their two membership bits. If both are one, output its color. Otherwise continue in the indicated one of the three remaining rectangular cells. Every nonempty continuing cell is a proper subcell: a positive-mass rectangle has both sides nonempty, and either a row or point has been excluded. Thus this exact protocol terminates after finitely many stages on every positive-support pair. Zero-mass cells can be completed by any finite exact protocol, without expected cost.  
                                                                                                                                                                                                                                                                                                                                                                                                                                                                                                                                                       ^
Warning 8 in appendices/certificate_proofs.tex line 7: Wrong length of dash may have been used.
For the converse put $r=\rect(H)$. At any current rectangular cell, condition the original product distribution on that cell. Its positive-mass conditional law is still product, and the restricted matrix still has rectangle ratio at least $r$. Fix a monochromatic rectangle of conditional mass at least $r$. The parties exchange their two membership bits. If both are one, output its color. Otherwise continue in the indicated one of the three remaining rectangular cells. Every nonempty continuing cell is a proper subcell: a positive-mass rectangle has both sides nonempty, and either a row or point has been excluded. Thus this exact protocol terminates after finitely many stages on every positive-support pair. Zero-mass cells can be completed by any finite exact protocol, without expected cost.  
                                                                                                                                                                                                                                                                                                                                                                                                                                                                                                                                                                                                                                                                                                                             ^
Warning 8 in appendices/certificate_proofs.tex line 7: Wrong length of dash may have been used.
For the converse put $r=\rect(H)$. At any current rectangular cell, condition the original product distribution on that cell. Its positive-mass conditional law is still product, and the restricted matrix still has rectangle ratio at least $r$. Fix a monochromatic rectangle of conditional mass at least $r$. The parties exchange their two membership bits. If both are one, output its color. Otherwise continue in the indicated one of the three remaining rectangular cells. Every nonempty continuing cell is a proper subcell: a positive-mass rectangle has both sides nonempty, and either a row or point has been excluded. Thus this exact protocol terminates after finitely many stages on every positive-support pair. Zero-mass cells can be completed by any finite exact protocol, without expected cost.  
                                                                                                                                                                                                                                                                                                                                                                                                                                                                                                                                                                                                                                                                                                                                                ^
Warning 3 in appendices/certificate_proofs.tex line 9: You should enclose the previous parenthesis with `{}'.
Conditional on reaching a stage with positive probability, its termination probability is at least $r$. By induction its survival probability after $t$ stages is at most $(1-r)^t$. Summing the tail probabilities, the expected number of stages is at most $1/r$, and each costs at most two bits. This proves the second inequality. This converse is the protocol of \citet[Proposition~3.14]{HHPTZ22}, included here with the conditioning and termination details. Substitute $\rho=2^{2c+1}$ into Theorem~\ref{thm:main} for the SQ bounds.  
                                                                                                                                                                               ^
Warning 25 in appendices/certificate_proofs.tex line 14: You might wish to put this between a pair of `{}'
Let $T:\R^K\to L^2(P_0)$ send $b$ to $\sum_jb_jr_j$. Then $T^*T=\Gamma$. For every unit vector $b$,  
                                           ^^
Warning 25 in appendices/certificate_proofs.tex line 14: You might wish to put this between a pair of `{}'
Let $T:\R^K\to L^2(P_0)$ send $b$ to $\sum_jb_jr_j$. Then $T^*T=\Gamma$. For every unit vector $b$,  
                                              ^^
Warning 25 in appendices/certificate_proofs.tex line 43: You might wish to put this between a pair of `{}'
 \sqrt{\frac1K\sum_jc_j^2}\leq\sqrt{\Lambda/K}.  
                   ^^
Warning 3 in appendices/certificate_proofs.tex line 49: You should enclose the previous parenthesis with `{}'.
Finally write $M=m/\tau^2$. From \eqref{eq:joint}, $R/2\leq\sqrt R+M$. The square $(\sqrt R-2)^2\geq0$ gives $\sqrt R\leq R/4+1$. Combining yields \eqref{eq:Rbound}.  
                                                                                             ^
Warning 36 in appendices/certificate_proofs.tex line 62: You should put a space in front of parenthesis.
 \sum_{j=1}^K u_ju_j^\top=(K/d)I_d.  
                          ^
Warning 36 in appendices/certificate_proofs.tex line 62: You should put a space after parenthesis.
 \sum_{j=1}^K u_ju_j^\top=(K/d)I_d.  
                               ^
Warning 25 in appendices/certificate_proofs.tex line 80: You might wish to put this between a pair of `{}'
   =\tr\left(B\sum_j u_ju_j^\top\right),  
                       ^^
Warning 8 in appendices/certificate_proofs.tex line 106: Wrong length of dash may have been used.
Points are one-dimensional subspaces of $\mathbb F_q^3$; lines are kernels of nonzero linear functionals, modulo nonzero scalar multiples. There are $(q^3-1)/(q-1)=N$ of each. A line contains $(q^2-1)/(q-1)=k$ points. Two distinct points span a unique two-dimensional subspace, hence lie on one common line. Two distinct kernels intersect in one one-dimensional subspace. These facts also show each point lies on $k$ lines.  
              ^
Warning 8 in appendices/certificate_proofs.tex line 106: Wrong length of dash may have been used.
Points are one-dimensional subspaces of $\mathbb F_q^3$; lines are kernels of nonzero linear functionals, modulo nonzero scalar multiples. There are $(q^3-1)/(q-1)=N$ of each. A line contains $(q^2-1)/(q-1)=k$ points. Two distinct points span a unique two-dimensional subspace, hence lie on one common line. Two distinct kernels intersect in one one-dimensional subspace. These facts also show each point lies on $k$ lines.  
                                                                                                                                                                                                                                                               ^
Warning 8 in appendices/certificate_proofs.tex line 106: Wrong length of dash may have been used.
Points are one-dimensional subspaces of $\mathbb F_q^3$; lines are kernels of nonzero linear functionals, modulo nonzero scalar multiples. There are $(q^3-1)/(q-1)=N$ of each. A line contains $(q^2-1)/(q-1)=k$ points. Two distinct points span a unique two-dimensional subspace, hence lie on one common line. Two distinct kernels intersect in one one-dimensional subspace. These facts also show each point lies on $k$ lines.  
                                                                                                                                                                                                                                                                                                                                                             ^
Warning 3 in appendices/certificate_proofs.tex line 115: You should enclose the previous parenthesis with `{}'.
 A^\top A=(N/k)^2q\left(I-\frac{\1\1^\top}{N}\right).  
              ^
Warning 3 in appendices/certificate_proofs.tex line 122: You should enclose the previous parenthesis with `{}'.
 p_S(t)=\tfrac12-\prod_{a\in S}(t-a)^2  
                                   ^
Warning 25 in appendices/certificate_proofs.tex line 129: You might wish to put this between a pair of `{}'
 |\textstyle\sum_{j\in J}a_jh_j(x)|=|2r_x-K|/\sqrt K>\sqrt K/2.  
                           ^^
Warning 25 in appendices/certificate_proofs.tex line 133: You might wish to put this between a pair of `{}'
 |\textstyle\sum_j a_jh_j(x)|\geq(r-2)/\sqrt r\geq\sqrt r/2  
                     ^^
Warning 8 in appendices/certificate_proofs.tex line 138: Wrong length of dash may have been used.
The claimed learner queries $q_j(x,y)=y h_j(x)$ for every line and outputs a hypothesis with maximum answer. The true target has correlation one, hence receives answer at least $1-\tau$. A maximizing hypothesis has true correlation at least $1-2\tau$, and loss at most $\tau$, regardless of the marginal and the oracle. Thus it is one distribution-independent learner.  
                                                                                                                                                                                                                                                                                                                                                           ^
Warning 3 in appendices/certificate_proofs.tex line 140: You should enclose the previous parenthesis with `{}'.
We prove the fixed-$D$ claim before excluding a common efficient learner. Let $\delta=\epsilon/2$ and sample a length-$s$ sequence from the known $D$. For any pair of hypotheses at $D$-distance greater than $\delta$, the probability of identical labels on the sequence is at most $(1-\delta)^s\leq e^{-\delta s}$. A union bound over fewer than $N^2$ pairs is at most $N^2e^{-\delta s}\leq e^{-1}<1$. Consequently some sequence has the property that hypotheses with identical traces are within $D$-distance $\delta$. Hardwire one such sequence and one representative hypothesis per trace into the learner. On at most $s$ distinct sampled points there are at most $1+s+\binom{s}{2}$ traces: the empty trace, at most $s$ singleton traces, and at most one line through each pair of distinct sampled points. Every trace of size at least two is determined by one such pair. The representatives therefore form a $D$-cover of the claimed size. Query their label correlations and select the largest answer. A representative within $\delta$ of the true target has correlation at least $1-2\delta$. With tolerance $\tau=\epsilon/2$, the selected output has correlation at least $1-2\delta-2\tau$ and error at most $\delta+\tau=\epsilon$. The hardwired cover depends on $D$; this is not one learner serving all marginals.  
                                                                                                                                                                                                                                                                                                  ^
Warning 3 in appendices/certificate_proofs.tex line 144: You should enclose the previous parenthesis with `{}'.
 D_j(x)=\begin{cases}(2k)^{-1},&P_{xj}=1,\\[1mm]  
                        ^
Warning 3 in appendices/certificate_proofs.tex line 145: You should enclose the previous parenthesis with `{}'.
 (2(N-k))^{-1},&P_{xj}=0.  
        ^
Warning 1 in appendices/certificate_proofs.tex line 154: Command terminated with space.
 \Gamma&=\frac{1+c^2}{2N}A^\top A,\\  
                               ^
Warning 36 in appendices/certificate_proofs.tex line 156: You should put a space in front of parenthesis.
 R&=\frac{2}{q((q+1)^{-2}+q^{-4})}\geq\frac{(q+1)^2}{q}\geq q.  
              ^
Warning 1 in appendices/certificate_proofs.tex line 156: Command terminated with space.
 R&=\frac{2}{q((q+1)^{-2}+q^{-4})}\geq\frac{(q+1)^2}{q}\geq q.  
                                                           ^
Warning 3 in appendices/certificate_proofs.tex line 158: You should enclose the previous parenthesis with `{}'.
The penultimate inequality uses $q^4\geq(q+1)^2$ for $q\geq2$, which follows from $q^2\geq q+1$. By Theorem~\ref{thm:barrier}, $R\leq4+4M$ for $M=m/\tau^2$. Therefore  
                                            ^
Warning 8 in appendices/certificate_proofs.tex line 167: Wrong length of dash may have been used.
The grid has spacing $2/(B-1)\leq\tau$, so nearest-grid rounding errs by at most $\tau/2$. The marginal tree has at most $B^u$ leaves: suppress unary nodes and use induction on the number of remaining branching nodes per path. It has at most $(m+1)B^u$ nodes, because every node has a descendant leaf and a depth between zero and $m$, and assigning each node one such pair is injective when the depth is fixed along a leaf's path.  
                                                  ^
Warning 25 in appendices/certificate_proofs.tex line 170: You might wish to put this between a pair of `{}'
Fix $D,h$. Follow the tree by giving the exact constant response or rounding $\E_Da$ to the grid. If at some node $|\E_D hb|>\tau/2$, one of the signed features $b,-b$ has correlation greater than $\tau/2$. Otherwise every answer is a valid SQ response: the difference from the true expectation $\E_Da+\E_D hb$ is at most $\tau/2+\tau/2$. A valid policy realizing this finite transcript extends to all other histories by exact answers. The deterministic guarantee then gives leaf correlation at least $1-2\epsilon>1/2\geq\tau/2$. We have proved  
                                                                                 ^^
Warning 25 in appendices/certificate_proofs.tex line 170: You might wish to put this between a pair of `{}'
Fix $D,h$. Follow the tree by giving the exact constant response or rounding $\E_Da$ to the grid. If at some node $|\E_D hb|>\tau/2$, one of the signed features $b,-b$ has correlation greater than $\tau/2$. Otherwise every answer is a valid SQ response: the difference from the true expectation $\E_Da+\E_D hb$ is at most $\tau/2+\tau/2$. A valid policy realizing this finite transcript extends to all other histories by exact answers. The deterministic guarantee then gives leaf correlation at least $1-2\epsilon>1/2\geq\tau/2$. We have proved  
                                                                                                                                                                                                                                                                                                           ^^
Warning 1 in appendices/certificate_proofs.tex line 172: Command terminated with space.
 \forall D,\qquad \max_{i,\ s_i\in\{-1,+1\}}\E_D[h(x)s_if_i(x)]\geq\tau/2.  
        ^
Warning 1 in appendices/certificate_proofs.tex line 172: Command terminated with space.
 \forall D,\qquad \max_{i,\ s_i\in\{-1,+1\}}\E_D[h(x)s_if_i(x)]\geq\tau/2.  
                 ^
Warning 36 in appendices/certificate_proofs.tex line 172: You should put a space in front of parenthesis.
 \forall D,\qquad \max_{i,\ s_i\in\{-1,+1\}}\E_D[h(x)s_if_i(x)]\geq\tau/2.  
                                                  ^
Warning 36 in appendices/certificate_proofs.tex line 172: You should put a space after parenthesis.
 \forall D,\qquad \max_{i,\ s_i\in\{-1,+1\}}\E_D[h(x)s_if_i(x)]\geq\tau/2.  
                                                     ^
Warning 36 in appendices/certificate_proofs.tex line 172: You should put a space in front of parenthesis.
 \forall D,\qquad \max_{i,\ s_i\in\{-1,+1\}}\E_D[h(x)s_if_i(x)]\geq\tau/2.  
                                                           ^
Warning 8 in appendices/certificate_proofs.tex line 174: Wrong length of dash may have been used.
Apply \cref{lem:finite-minimax} with instance set $X$ and actions the signed features $(i,s_i)$. Equation \eqref{eq:minimaxpremise} gives a convex combination whose coordinate at every $x$ is at least $\tau/2$. Its coefficients therefore define a common-feature linear representation with strict target product at every point. This proves \eqref{eq:tree}. For correlational-only queries $a=0$, hence $u=0$.  
                      ^
Warning 8 in appendices/certificate_proofs.tex line 174: Wrong length of dash may have been used.
Apply \cref{lem:finite-minimax} with instance set $X$ and actions the signed features $(i,s_i)$. Equation \eqref{eq:minimaxpremise} gives a convex combination whose coordinate at every $x$ is at least $\tau/2$. Its coefficients therefore define a common-feature linear representation with strict target product at every point. This proves \eqref{eq:tree}. For correlational-only queries $a=0$, hence $u=0$.  
                                                                                                                                                                                                                                                             ^
Warning 8 in appendices/certificate_proofs.tex line 174: Wrong length of dash may have been used.
Apply \cref{lem:finite-minimax} with instance set $X$ and actions the signed features $(i,s_i)$. Equation \eqref{eq:minimaxpremise} gives a convex combination whose coordinate at every $x$ is at least $\tau/2$. Its coefficients therefore define a common-feature linear representation with strict target product at every point. This proves \eqref{eq:tree}. For correlational-only queries $a=0$, hence $u=0$.  
                                                                                                                                                                                                                                                                                                                                                                                     ^
Warning 8 in appendices/certificate_proofs.tex line 195: Wrong length of dash may have been used.
For target line $h$, use probability $1/(2p)$ on each point of the line and $1/(2p(p-1))$ on each other point; labels are positive exactly on the line. Against the uniform fair-label reference, the likelihood-ratio residuals are $r_h(x,+1)=A_{hx}$ and $r_h(x,-1)=-A_{hx}/(p-1)$. Therefore  
                                                                                                                                                                                ^
Warning 8 in appendices/certificate_proofs.tex line 195: Wrong length of dash may have been used.
For target line $h$, use probability $1/(2p)$ on each point of the line and $1/(2p(p-1))$ on each other point; labels are positive exactly on the line. Against the uniform fair-label reference, the likelihood-ratio residuals are $r_h(x,+1)=A_{hx}$ and $r_h(x,-1)=-A_{hx}/(p-1)$. Therefore  
                                                                                                                                                                                                                ^
Warning 3 in appendices/certificate_proofs.tex line 197: You should enclose the previous parenthesis with `{}'.
 \Lambda=\frac p2(1+(p-1)^{-2}),\qquad R=p^2/\Lambda.  
                        ^
Warning 8 in appendices/certificate_proofs.tex line 199: Wrong length of dash may have been used.
This proves the ratio and the expected-error consequence.  
                                      ^
Warning 8 in appendices/certificate_proofs.tex line 201: Wrong length of dash may have been used.
For the success-probability statement use the fixed, valid reference-following oracle from the proof of Theorem~\ref{thm:barrier}. For each fixed learner seed, at most fraction $m/(R\tau^2)$ of targets depart from its reference path. Let $c_h$ be the correlation of the reference leaf with target $h$. The energy lemma gives $\sum_hc_h^2\le\Lambda$. Consequently at most fraction $1/(4\gamma^2R)$ of targets have $c_h\ge2\gamma$. The fraction of successful actual outputs is no larger than the sum of these two fractions. Average over the learner seed and use the assumed success probability on each target. This gives $\alpha\le m/(R\tau^2)+1/(4\gamma^2R)$ and the stated inequality. Substitution of $t$ yields $(2/3)p/t^2-1/4=\Omega(\sqrt p)$ in the cited weak regime. This comparison keeps both tolerance and success criteria explicit.  
               ^
Warning 8 in appendices/certificate_proofs.tex line 201: Wrong length of dash may have been used.
For the success-probability statement use the fixed, valid reference-following oracle from the proof of Theorem~\ref{thm:barrier}. For each fixed learner seed, at most fraction $m/(R\tau^2)$ of targets depart from its reference path. Let $c_h$ be the correlation of the reference leaf with target $h$. The energy lemma gives $\sum_hc_h^2\le\Lambda$. Consequently at most fraction $1/(4\gamma^2R)$ of targets have $c_h\ge2\gamma$. The fraction of successful actual outputs is no larger than the sum of these two fractions. Average over the learner seed and use the assumed success probability on each target. This gives $\alpha\le m/(R\tau^2)+1/(4\gamma^2R)$ and the stated inequality. Substitution of $t$ yields $(2/3)p/t^2-1/4=\Omega(\sqrt p)$ in the cited weak regime. This comparison keeps both tolerance and success criteria explicit.  
                                                                    ^
Warning 25 in appendices/certificate_proofs.tex line 201: You might wish to put this between a pair of `{}'
For the success-probability statement use the fixed, valid reference-following oracle from the proof of Theorem~\ref{thm:barrier}. For each fixed learner seed, at most fraction $m/(R\tau^2)$ of targets depart from its reference path. Let $c_h$ be the correlation of the reference leaf with target $h$. The energy lemma gives $\sum_hc_h^2\le\Lambda$. Consequently at most fraction $1/(4\gamma^2R)$ of targets have $c_h\ge2\gamma$. The fraction of successful actual outputs is no larger than the sum of these two fractions. Average over the learner seed and use the assumed success probability on each target. This gives $\alpha\le m/(R\tau^2)+1/(4\gamma^2R)$ and the stated inequality. Substitution of $t$ yields $(2/3)p/t^2-1/4=\Omega(\sqrt p)$ in the cited weak regime. This comparison keeps both tolerance and success criteria explicit.  
                                                                                                                                                                                                                                                                                                                                           ^^
Warning 3 in appendices/certificate_proofs.tex line 210: You should enclose the previous parenthesis with `{}'.
 \Pr[x\in S,h\in T]=t(1-t)^{\deg h}  
                         ^
Warning 3 in appendices/certificate_proofs.tex line 213: You should enclose the previous parenthesis with `{}'.
The inequality $(1-t)^j\ge1-jt$ follows by induction. Averaging the rectangle mass gives at least $(1-p)/(4\Delta)>1/(8\Delta)$. Hence some rectangle has that mass. Taking $\Delta=q+1$ proves the universal lower bound.  
                    ^
Warning 8 in appendices/certificate_proofs.tex line 231: Wrong length of dash may have been used.
Let $A,B$ be nonempty subsets separated in this way. For uniform $Z$ on the cube, set $f(Z)=\operatorname{dist}_{\rm Ham}(Z,A)$ and $s=\E f$. Changing one coordinate changes $f$ by at most one. The elementary bounded-differences calculation proved in Appendix~\ref{app:concentration} gives  
                                                                                                                                                                                                                        ^
Warning 3 in appendices/certificate_proofs.tex line 238: You should enclose the previous parenthesis with `{}'.
 \alpha\beta\le\exp\{-2(s^2+(t-s)^2)/n\}  
                                ^
Warning 3 in appendices/certificate_proofs.tex line 245: You should enclose the previous parenthesis with `{}'.
 F(v)=\E_D(\gamma-y\langle v,z\rangle)_+  
                                     ^
Warning 3 in appendices/certificate_proofs.tex line 258: You should enclose the previous parenthesis with `{}'.
 \le\frac1{2aT}+\frac a2(1+\tau)^2+2\tau  
                               ^
Warning 8 in appendices/certificate_proofs.tex line 262: Wrong length of dash may have been used.
Here $\|v_t-v^*\|\le2$, $\tau=\epsilon\gamma/8<1$, and $\sqrt T\ge10/(\epsilon\gamma)$. Jensen's inequality gives the same hinge bound for $\bar v=T^{-1}\sum_t v_t$. Every classification mistake of $\sign\langle\bar v,z\rangle$ incurs hinge loss at least $\gamma$, including a zero score when the true label is negative. Thus its error is at most $\epsilon/2$. There are $nT$ scalar queries. This proves a deterministic, adversarial-oracle guarantee stronger than the stated expected-error requirement.  
                                                                                                                                                                                                                                                                                                                                                                                                                                                ^
Warning 8 in appendices/certificate_proofs.tex line 262: Wrong length of dash may have been used.
Here $\|v_t-v^*\|\le2$, $\tau=\epsilon\gamma/8<1$, and $\sqrt T\ge10/(\epsilon\gamma)$. Jensen's inequality gives the same hinge bound for $\bar v=T^{-1}\sum_t v_t$. Every classification mistake of $\sign\langle\bar v,z\rangle$ incurs hinge loss at least $\gamma$, including a zero score when the true label is negative. Thus its error is at most $\epsilon/2$. There are $nT$ scalar queries. This proves a deterministic, adversarial-oracle guarantee stronger than the stated expected-error requirement.  
                                                                                                                                                                                                                                                                                                                                                                                                                                                                                                   ^
Warning 3 in appendices/certificate_proofs.tex line 267: You should enclose the previous parenthesis with `{}'.
Take logarithms of Theorem~\ref{thm:tree}, $\dc(H_A)\le(m+1)(\lceil2/\tau\rceil+1)^u$. The high-dimension event gives $\ln\dc(H_A)\ge\ln N-\ln\log M+O(1)$. Under the stated query budget the numerator is at least $\tfrac12\ln N$ for large $N$. The upper bound is Theorem~\ref{thm:caps}. All constants depend only on the displayed fixed parameters.  
                                                                                 ^
Warning 8 in appendices/certificate_proofs.tex line 267: Wrong length of dash may have been used.
Take logarithms of Theorem~\ref{thm:tree}, $\dc(H_A)\le(m+1)(\lceil2/\tau\rceil+1)^u$. The high-dimension event gives $\ln\dc(H_A)\ge\ln N-\ln\log M+O(1)$. Under the stated query budget the numerator is at least $\tfrac12\ln N$ for large $N$. The upper bound is Theorem~\ref{thm:caps}. All constants depend only on the displayed fixed parameters.  
                                                                                               ^
Warning 8 in appendices/certificate_proofs.tex line 272: Wrong length of dash may have been used.
The published theorem gives a uniform-product rectangle of the displayed product fraction. For rational row and column distributions, duplicate each row and column according to integer denominator multiplicities. Approximate sign-rank does not increase: duplicate columns use the same embedding, and every distribution on copies pushes forward to a distribution on original columns; duplicate rows require no new representation. Apply the rectangle theorem to this duplicated total matrix. Projecting a monochromatic rectangle to the original indices retains its sign and can only increase its product-weighted mass. Finally approximate arbitrary weights by rational weights. The maximum over the finitely many rectangle product masses is continuous, so the lower bound persists. Apply Theorem~\ref{thm:main} with $\rho=\rho_\eta$.  
                                     ^
Warning 8 in appendices/certificate_proofs.tex line 272: Wrong length of dash may have been used.
The published theorem gives a uniform-product rectangle of the displayed product fraction. For rational row and column distributions, duplicate each row and column according to integer denominator multiplicities. Approximate sign-rank does not increase: duplicate columns use the same embedding, and every distribution on copies pushes forward to a distribution on original columns; duplicate rows require no new representation. Apply the rectangle theorem to this duplicated total matrix. Projecting a monochromatic rectangle to the original indices retains its sign and can only increase its product-weighted mass. Finally approximate arbitrary weights by rational weights. The maximum over the finitely many rectangle product masses is continuous, so the lower bound persists. Apply Theorem~\ref{thm:main} with $\rho=\rho_\eta$.  
                                                                                                                                                                                                                                     ^
Warning 8 in appendices/certificate_proofs.tex line 272: Wrong length of dash may have been used.
The published theorem gives a uniform-product rectangle of the displayed product fraction. For rational row and column distributions, duplicate each row and column according to integer denominator multiplicities. Approximate sign-rank does not increase: duplicate columns use the same embedding, and every distribution on copies pushes forward to a distribution on original columns; duplicate rows require no new representation. Apply the rectangle theorem to this duplicated total matrix. Projecting a monochromatic rectangle to the original indices retains its sign and can only increase its product-weighted mass. Finally approximate arbitrary weights by rational weights. The maximum over the finitely many rectangle product masses is continuous, so the lower bound persists. Apply Theorem~\ref{thm:main} with $\rho=\rho_\eta$.  
                                                                                                                                                                                                                                                                                                                                                                                                                                                                                                                                                                                                                         ^
Warning 8 in appendices/network_proofs.tex line 1: Wrong length of dash may have been used.
\section{Proofs for differentiable-learning comparisons}\label{app:proofs-F}  
                                  ^
Warning 8 in appendices/network_proofs.tex line 1: Wrong length of dash may have been used.
\section{Proofs for differentiable-learning comparisons}\label{app:proofs-F}  
                                                                         ^
Warning 8 in appendices/network_proofs.tex line 5: Wrong length of dash may have been used.
The first hidden layer computes $\sigma(x_i),\sigma(-x_i)$ for every coordinate. These give $x_i$ by subtraction and the constant $c=\sigma(x_1)+\sigma(-x_1)=1$ on the cube. For every negative point $p$, a second-layer unit computes  
                                                                                                                                                                                                                    ^
Warning 25 in appendices/network_proofs.tex line 7: You might wish to put this between a pair of `{}'
 \sigma\left(\sum_i p_ix_i-(n-1)c\right).  
                      ^^
Warning 8 in appendices/network_proofs.tex line 9: Wrong length of dash may have been used.
At $x=p$ its value is one; at every other cube point the sum is at most $n-2$ and the unit is zero. Pass $c$ through one additional unit and output $c$ minus twice the sum of the negative-point units. Pad unused units by zero weights. There are at most $N$ negative points, and counting all fully connected weights gives the claimed $S$. The moment-curve proof in Theorem~\ref{thm:construction} still applies to the padded domain. Padding preserves every dimension lower bound by restriction; it preserves a rectangle lower bound up to a factor two, because either padding carries at least half the point mass or the original domain does.  
                                                                                                                                                                                           ^
Warning 8 in appendices/network_proofs.tex line 9: Wrong length of dash may have been used.
At $x=p$ its value is one; at every other cube point the sum is at most $n-2$ and the unit is zero. Pass $c$ through one additional unit and output $c$ minus twice the sum of the negative-point units. Pad unused units by zero weights. There are at most $N$ negative points, and counting all fully connected weights gives the claimed $S$. The moment-curve proof in Theorem~\ref{thm:construction} still applies to the padded domain. Padding preserves every dimension lower bound by restriction; it preserves a rectangle lower bound up to a factor two, because either padding carries at least half the point mass or the original domain does.  
                                                                                                                                                                                                                                                                                                                                                            ^
Warning 8 in appendices/network_proofs.tex line 14: Wrong length of dash may have been used.
Given an oracle function, generate the learner's independent uniform point samples on $\ell_0$ and label them by its oracle values at the corresponding incidence encodings. Run the learner without giving it a key. Draw an independent uniform test point on $\ell_0$, query its label, and output one if the predictor agrees. In the PRF case acceptance is at least $1/2+\gamma(n)$. In the random-function case, conditional on the training transcript, a previously unqueried point has an independent fair label. A fresh test point repeats a training point with probability at most $q(n)/N$. Acceptance is therefore at most $1/2+q(n)/(2N)$. The simulation and one output evaluation are polynomial-time. Since $N=2^{(n-1)/3}$, the collision term is negligible, contradicting PRF security for inverse-polynomial $\gamma$.  
                                                                                                                                                                                                                                                                                                                                                                                                        ^
Warning 8 in appendices/network_proofs.tex line 14: Wrong length of dash may have been used.
Given an oracle function, generate the learner's independent uniform point samples on $\ell_0$ and label them by its oracle values at the corresponding incidence encodings. Run the learner without giving it a key. Draw an independent uniform test point on $\ell_0$, query its label, and output one if the predictor agrees. In the PRF case acceptance is at least $1/2+\gamma(n)$. In the random-function case, conditional on the training transcript, a previously unqueried point has an independent fair label. A fresh test point repeats a training point with probability at most $q(n)/N$. Acceptance is therefore at most $1/2+q(n)/(2N)$. The simulation and one output evaluation are polynomial-time. Since $N=2^{(n-1)/3}$, the collision term is negligible, contradicting PRF security for inverse-polynomial $\gamma$.  
                                                                                                                                                                                                                                                                                                                                                                                                                                                                                                                                                                                                                                                                                                                   ^
Warning 8 in appendices/network_proofs.tex line 14: Wrong length of dash may have been used.
Given an oracle function, generate the learner's independent uniform point samples on $\ell_0$ and label them by its oracle values at the corresponding incidence encodings. Run the learner without giving it a key. Draw an independent uniform test point on $\ell_0$, query its label, and output one if the predictor agrees. In the PRF case acceptance is at least $1/2+\gamma(n)$. In the random-function case, conditional on the training transcript, a previously unqueried point has an independent fair label. A fresh test point repeats a training point with probability at most $q(n)/N$. Acceptance is therefore at most $1/2+q(n)/(2N)$. The simulation and one output evaluation are polynomial-time. Since $N=2^{(n-1)/3}$, the collision term is negligible, contradicting PRF security for inverse-polynomial $\gamma$.  
                                                                                                                                                                                                                                                                                                                                                                                                                                                                                                                                                                                                                                                                                                                                                                                                                         ^
Warning 8 in appendices/resource_proofs.tex line 1: Wrong length of dash may have been used.
\section{Proofs of the resource barriers}\label{app:barrier-proofs}  
                                                           ^
Warning 8 in appendices/resource_proofs.tex line 4: Wrong length of dash may have been used.
Let $K=2N^3$, $b_N=\lceil\log_2(4K)\rceil$, and $d_N=\lfloor N/(128b_N)\rfloor$. For sufficiently large $N$, the counting bound in Theorem~\ref{thm:construction} guarantees a flip matrix of sign-rank greater than $d_N$: indeed $\log_2(4eK)\le2b_N$, so  
                                                                                                                                                                                                  ^
Warning 8 in appendices/resource_proofs.tex line 13: Wrong length of dash may have been used.
Decision of finite polynomial real sentences is the classical real-closed-field decision theorem. A constructive treatment of this decidability result is given by \citet{MC12}. Enumerate the finitely many flip tables and decide the displayed sentence for each until the first failure. The counting argument ensures termination. Small $N$ can be handled by any fixed table.  
                                                                  ^
Warning 8 in appendices/resource_proofs.tex line 13: Wrong length of dash may have been used.
Decision of finite polynomial real sentences is the classical real-closed-field decision theorem. A constructive treatment of this decidability result is given by \citet{MC12}. Enumerate the finitely many flip tables and decide the displayed sentence for each until the first failure. The counting argument ensures termination. Small $N$ can be handled by any fixed table.  
                                                                         ^
Warning 8 in appendices/resource_proofs.tex line 15: Wrong length of dash may have been used.
A single fixed program performs this generation and then runs the finite rational rectangle-mixture algorithm. Encode $N$ in $O(\log N)$ bits. For each fixed $\epsilon$, run at a fixed rational accuracy below $\epsilon$, whose description length is constant with respect to $N$. Conservative rational ceilings can replace the logarithmic constants in Theorem~\ref{thm:main}, making every step an ordinary finite computation. The table generation happens before the first SQ; it has no query cost. The learner therefore has $m=O(\log K)$ and constant positive tolerance, while the chosen class has $\dc>d_N=\Omega(N/\log N)$. Its program description has size $O(\log N)$. The generated table occupies far more space, which this interpretation does not charge. This contradicts the displayed polynomial implication.  
                                                                                           ^
Warning 13 in appendices/resource_proofs.tex line 15: Intersentence spacing (`\@') should perhaps be used.
A single fixed program performs this generation and then runs the finite rational rectangle-mixture algorithm. Encode $N$ in $O(\log N)$ bits. For each fixed $\epsilon$, run at a fixed rational accuracy below $\epsilon$, whose description length is constant with respect to $N$. Conservative rational ceilings can replace the logarithmic constants in Theorem~\ref{thm:main}, making every step an ordinary finite computation. The table generation happens before the first SQ; it has no query cost. The learner therefore has $m=O(\log K)$ and constant positive tolerance, while the chosen class has $\dc>d_N=\Omega(N/\log N)$. Its program description has size $O(\log N)$. The generated table occupies far more space, which this interpretation does not charge. This contradicts the displayed polynomial implication.  
                                                                                                                                                                                                                                                                                                                                                                                                                                                                                         ^
Warning 8 in appendices/resource_proofs.tex line 19: Wrong length of dash may have been used.
Fix a point prior $\mu$. Apply the finite separation argument of \cref{lem:finite-minimax} to the transposed matrix, obtaining a distribution $\lambda$ over monochromatic rectangles $S_R\times T_R$ with  
                                                                                 ^
Warning 8 in appendices/resource_proofs.tex line 29: Wrong length of dash may have been used.
Their norms are at most one, and their inner product is $A_{hx}$ times the probability that $R$ covers $(h,x)$. These products may be zero, so this alone is not a strict representation. Add an orthogonal strict unit-vector representation scaled by $\sqrt\delta$, and scale the displayed vectors by $\sqrt{1-\delta}$. Every resulting product is strict with the required sign, and its average absolute value in each row is at least $(1-\delta)r$. Pad row norms and point norms separately in orthogonal private coordinates to make them one without changing any cross inner products. Letting $\delta\downarrow0$ proves $m_{\rm avg}(A)\ge r$.  
                                                                                                                                                                                                                       ^
Warning 8 in appendices/resource_proofs.tex line 31: Wrong length of dash may have been used.
For the VC bound, suppose $v$ points are shattered and use their uniform point prior. In any strict unit-vector representation, select one row $h_\sigma$ for each sign pattern $\sigma\in\{-1,+1\}^v$. If the minimum row-average margin is $a$, then  
                                                                                                        ^
Warning 3 in appendices/resource_proofs.tex line 31: You should enclose the previous parenthesis with `{}'.
For the VC bound, suppose $v$ points are shattered and use their uniform point prior. In any strict unit-vector representation, select one row $h_\sigma$ for each sign pattern $\sigma\in\{-1,+1\}^v$. If the minimum row-average margin is $a$, then  
                                                                                                                                                                                                 ^^
Warning 8 in appendices/resource_proofs.tex line 31: Wrong length of dash may have been used.
For the VC bound, suppose $v$ points are shattered and use their uniform point prior. In any strict unit-vector representation, select one row $h_\sigma$ for each sign pattern $\sigma\in\{-1,+1\}^v$. If the minimum row-average margin is $a$, then  
                                                                                                                                                                                                                          ^
Warning 8 in appendices/resource_proofs.tex line 36: Wrong length of dash may have been used.
Averaging the square of the last norm over independent fair signs gives $v$, because cross terms cancel. Some sign pattern has norm at most $\sqrt v$, so $a\le1/\sqrt v$. Take the supremum over representations and the infimum over priors. For $v=0$ the inequality is immediate. This proves the chain, including the strict-sign correction.  
                                                                                                                                                                                                                                                                                                                                 ^
Warning 3 in appendices/resource_proofs.tex line 40: You should enclose the previous parenthesis with `{}'.
Condition on the sampled point indices, their observed labels, and the learner's random coins. The label at any unobserved point of $\ell_0$ remains an independent fair bit. The learner's prediction there has conditional error $1/2$. A fixed point is unobserved with probability $(1-1/N)^T$. Average over the $N$ points to get the first inequality. The second follows by induction from $(1-z)^T\ge1-Tz$ for $0\le z\le1$. Rearranging proves the sample requirement. For the final claim, $T>N/2$ and $S\ge2$ give $TS\ge N$, whereas $\dc(H_A)\le2N+1\le3N$ for every table.  
                                                                                                                                                                                                                                                                                              ^
Warning 3 in appendices/resource_proofs.tex line 40: You should enclose the previous parenthesis with `{}'.
Condition on the sampled point indices, their observed labels, and the learner's random coins. The label at any unobserved point of $\ell_0$ remains an independent fair bit. The learner's prediction there has conditional error $1/2$. A fixed point is unobserved with probability $(1-1/N)^T$. Average over the $N$ points to get the first inequality. The second follows by induction from $(1-z)^T\ge1-Tz$ for $0\le z\le1$. Rearranging proves the sample requirement. For the final claim, $T>N/2$ and $S\ge2$ give $TS\ge N$, whereas $\dc(H_A)\le2N+1\le3N$ for every table.  
                                                                                                                                                                                                                                                                                                                                                                                                       ^
Warning 8 in appendices/statistical_dimension.tex line 3: Wrong length of dash may have been used.
For the search task $\mathcal Z_\eta$, an instance is a realizable labeled distribution $P_{D,h}$; an allowed solution is a predictor $g$ with loss at most $\eta$. Fix any reference distribution $P_0$ on $Z=X\times\{-1,+1\}$, not necessarily realizable or fair-labeled. For a law $\mathcal P$ on predictors, put  
                                                                                                                                                                                                                                                                    ^
Warning 8 in appendices/statistical_dimension.tex line 15: Wrong length of dash may have been used.
This statement allows arbitrary target-dependent marginals and any reference $P_0$.  
                                      ^
Warning 25 in appendices/statistical_dimension.tex line 21: You might wish to put this between a pair of `{}'
 \beta=\max_{q\in\mathcal Q}\Pr_{j\sim\pi}[|P_jq-P_0q|>\kappa].  
                                              ^^
Warning 8 in appendices/statistical_dimension.tex line 23: Wrong length of dash may have been used.
Peel $L$ rectangles using the prior-averaged example marginal restricted to the current unpeeled set $U$, and the unchanged hypothesis prior $\nu$. Empty residual mass permits immediate completion. The rectangle condition gives both  
                                   ^
Warning 25 in appendices/statistical_dimension.tex line 25: You might wish to put this between a pair of `{}'
 \nu(T)\ge r,\qquad \E_jD_j(S)\ge r\E_jD_j(U).  
                       ^^
Warning 25 in appendices/statistical_dimension.tex line 25: You might wish to put this between a pair of `{}'
 \nu(T)\ge r,\qquad \E_jD_j(S)\ge r\E_jD_j(U).  
                                      ^^
Warning 25 in appendices/statistical_dimension.tex line 27: You might wish to put this between a pair of `{}'
Suppose first $\beta<r$. On every instance with target in $T$, the mismatch query has expectation zero. Therefore $P_0q\le\kappa$: otherwise a prior mass at least $r$ would be distinguished. Apart from a prior mass at most $\beta$, we then have $P_jq\le2\kappa$.  
                                                                                                                                                                                                                                                        ^^
Warning 3 in appendices/statistical_dimension.tex line 29: You should enclose the previous parenthesis with `{}'.
After $L$ peels, the expected residual mass is at most $(1-r)^L\le\eta/4$. Markov's inequality shows that at least half the prior puts residual mass at most $\eta/2$. Outside a union of exceptional sets of total mass at most $L\beta$, each of the $L$ wrong-color masses is at most $2\kappa$. The predictor assembled from the rectangle colors and an arbitrary residual label consequently has loss at most $2L\kappa+\eta/2=\eta$ for prior mass at least $1/2-L\beta$. If $\beta\ge r$, then $L\beta\ge L/\rho\ge\ln(4/\eta)>1/2$, so the following inequality remains true trivially:  
                                                            ^
Warning 8 in appendices/statistical_dimension.tex line 29: Wrong length of dash may have been used.
After $L$ peels, the expected residual mass is at most $(1-r)^L\le\eta/4$. Markov's inequality shows that at least half the prior puts residual mass at most $\eta/2$. Outside a union of exceptional sets of total mass at most $L\beta$, each of the $L$ wrong-color masses is at most $2\kappa$. The predictor assembled from the rectangle colors and an arbitrary residual label consequently has loss at most $2L\kappa+\eta/2=\eta$ for prior mass at least $1/2-L\beta$. If $\beta\ge r$, then $L\beta\ge L/\rho\ge\ln(4/\eta)>1/2$, so the following inequality remains true trivially:  
                                                                                                                                                                                                                                                                ^
Warning 8 in appendices/statistical_dimension.tex line 30: Wrong length of dash may have been used.
\begin{equation}\label{eq:additive-game}  
                                  ^
Warning 1 in appendices/statistical_dimension.tex line 31: Command terminated with space.
 \max_g\Pr_\pi[g\text{ good}]+L\max_{q\in\mathcal Q}\Pr_\pi[q\text{ distinguishes}]\ge1/2.  
                                                 ^
Warning 8 in appendices/statistical_dimension.tex line 33: Wrong length of dash may have been used.
Apply \cref{lem:finite-minimax} to the action pairs $(g,q)$, whose payoff on instance $j$ is  
                      ^
Warning 8 in appendices/statistical_dimension.tex line 45: Wrong length of dash may have been used.
The continuum of possible marginals creates no compactness gap in this minimax step. Both the predictor set and $\mathcal Q$ are finite. An instance is relevant only through the finite vector of Boolean good-solution and distinguishing-query indicators. There are finitely many such types. Choose one representative of each realized type and apply the finite argument to them. Its inequalities then hold for all original instances. No discretization in total variation and no factor polynomial in $|X|$ is introduced.  
                                                                                                                                                                                                               ^
Warning 8 in appendices/statistical_dimension.tex line 45: Wrong length of dash may have been used.
The continuum of possible marginals creates no compactness gap in this minimax step. Both the predictor set and $\mathcal Q$ are finite. An instance is relevant only through the finite vector of Boolean good-solution and distinguishing-query indicators. There are finitely many such types. Choose one representative of each realized type and apply the finite argument to them. Its inequalities then hold for all original instances. No discretization in total variation and no factor polynomial in $|X|$ is introduced.  
                                                                                                                                                                                                                                           ^
Warning 1 in appendices/statistical_dimension.tex line 48: Command terminated with space.
\paragraph{Comparison with Feldman\textquotesingle s characterization.}  
                                                  ^
Warning 36 in appendices/statistical_dimension.tex line 51: You should put a space in front of parenthesis.
 \operatorname{RQC}(\mathcal Z,\operatorname{STAT}(\kappa/3),\alpha-\delta)  
                   ^
Warning 1 in appendices/statistical_dimension.tex line 51: Command terminated with space.
 \operatorname{RQC}(\mathcal Z,\operatorname{STAT}(\kappa/3),\alpha-\delta)  
                            ^
Warning 36 in appendices/statistical_dimension.tex line 51: You should put a space in front of parenthesis.
 \operatorname{RQC}(\mathcal Z,\operatorname{STAT}(\kappa/3),\alpha-\delta)  
                                                  ^
Warning 1 in appendices/statistical_dimension.tex line 52: Command terminated with space.
 =O\left(d\,\frac{R_{\rm KL}(\mathcal D)}{\kappa^2}  
                        ^
Warning 36 in appendices/statistical_dimension.tex line 52: You should put a space in front of parenthesis.
 =O\left(d\,\frac{R_{\rm KL}(\mathcal D)}{\kappa^2}  
                            ^
Warning 1 in appendices/statistical_dimension.tex line 52: Command terminated with space.
 =O\left(d\,\frac{R_{\rm KL}(\mathcal D)}{\kappa^2}  
                                     ^
Warning 1 in appendices/statistical_dimension.tex line 53: Command terminated with space.
       \log\frac{R_{\rm KL}(\mathcal D)}{\kappa\delta}\right),  
                       ^
Warning 36 in appendices/statistical_dimension.tex line 53: You should put a space in front of parenthesis.
       \log\frac{R_{\rm KL}(\mathcal D)}{\kappa\delta}\right),  
                           ^
Warning 1 in appendices/statistical_dimension.tex line 53: Command terminated with space.
       \log\frac{R_{\rm KL}(\mathcal D)}{\kappa\delta}\right),  
                                    ^
Warning 1 in appendices/statistical_dimension.tex line 54: Command terminated with space.
 \quad d=\RSD_{\kappa_1}(\mathcal Z,\kappa,\alpha).  
      ^
Warning 36 in appendices/statistical_dimension.tex line 54: You should put a space in front of parenthesis.
 \quad d=\RSD_{\kappa_1}(\mathcal Z,\kappa,\alpha).  
                        ^
Warning 1 in appendices/statistical_dimension.tex line 54: Command terminated with space.
 \quad d=\RSD_{\kappa_1}(\mathcal Z,\kappa,\alpha).  
                                 ^
Warning 8 in appendices/statistical_dimension.tex line 56: Wrong length of dash may have been used.
The displayed asymptotic expression uses the usual positive-radius conventions; a ceiling and a maximum with one handle degenerate values. Here $R_{\rm KL}(\mathcal D)=\inf_Q\sup_{P\in\mathcal D}\mathrm{KL}(P\|Q)$. Taking uniform $Q$ on $Z$ proves $R_{\rm KL}\le\ln|Z|$: expand $\mathrm{KL}(P\|Q)=\ln|Z|+\sum_zP(z)\ln P(z)$ and use $\ln P(z)\le0$. Thus the relevant domain term is $\ln(2|X|)$, not $|X|$ or the logarithm of a discretized instance count. The deterministic theorem has a different set-cover logarithm; it must not be substituted here.  
                                                           ^
Warning 25 in appendices/statistical_dimension.tex line 56: You might wish to put this between a pair of `{}'
The displayed asymptotic expression uses the usual positive-radius conventions; a ceiling and a maximum with one handle degenerate values. Here $R_{\rm KL}(\mathcal D)=\inf_Q\sup_{P\in\mathcal D}\mathrm{KL}(P\|Q)$. Taking uniform $Q$ on $Z$ proves $R_{\rm KL}\le\ln|Z|$: expand $\mathrm{KL}(P\|Q)=\ln|Z|+\sum_zP(z)\ln P(z)$ and use $\ln P(z)\le0$. Thus the relevant domain term is $\ln(2|X|)$, not $|X|$ or the logarithm of a discretized instance count. The deterministic theorem has a different set-cover logarithm; it must not be substituted here.  
                                                                                                                                                                                                                                                                                                                     ^^
Warning 8 in appendices/statistical_dimension.tex line 56: Wrong length of dash may have been used.
The displayed asymptotic expression uses the usual positive-radius conventions; a ceiling and a maximum with one handle degenerate values. Here $R_{\rm KL}(\mathcal D)=\inf_Q\sup_{P\in\mathcal D}\mathrm{KL}(P\|Q)$. Taking uniform $Q$ on $Z$ proves $R_{\rm KL}\le\ln|Z|$: expand $\mathrm{KL}(P\|Q)=\ln|Z|+\sum_zP(z)\ln P(z)$ and use $\ln P(z)\le0$. Thus the relevant domain term is $\ln(2|X|)$, not $|X|$ or the logarithm of a discretized instance count. The deterministic theorem has a different set-cover logarithm; it must not be substituted here.  
                                                                                                                                                                                                                                                                                                                                                                                                                                                                                                                   ^
Warning 8 in appendices/statistical_dimension.tex line 58: Wrong length of dash may have been used.
For clarity, the mechanism behind \eqref{eq:feldman} does not depend on a hidden finite-instance enumeration. Maintain a reference $Q$ starting uniform on $Z$. A query separated from the true $P$ by $\kappa$ supplies a bounded direction with a signed expectation gap of order $\kappa$. For $f\in[-1,1]$ and update $Q'(z)\propto Q(z)e^{\lambda f(z)}$, direct expansion gives  
                                                                                       ^
Warning 25 in appendices/statistical_dimension.tex line 61: You might wish to put this between a pair of `{}'
 =-\lambda\E_Pf+\log\E_Qe^{\lambda f}  
             ^^
Warning 25 in appendices/statistical_dimension.tex line 61: You might wish to put this between a pair of `{}'
 =-\lambda\E_Pf+\log\E_Qe^{\lambda f}  
                       ^^
Warning 25 in appendices/statistical_dimension.tex line 62: You might wish to put this between a pair of `{}'
 \le-\lambda(\E_Pf-\E_Qf)+\lambda^2/2.  
                ^^
Warning 25 in appendices/statistical_dimension.tex line 62: You might wish to put this between a pair of `{}'
 \le-\lambda(\E_Pf-\E_Qf)+\lambda^2/2.  
                      ^^
Warning 25 in appendices/statistical_dimension.tex line 64: You might wish to put this between a pair of `{}'
The final inequality follows by twice differentiating $\log\E_Qe^{\lambda f}$: its second derivative is a variance of a variable in $[-1,1]$, at most one. Choosing $\lambda$ proportional to $\kappa$ decreases KL by $\Omega(\kappa^2)$. There are therefore $O(\ln|Z|/\kappa^2)$ updates. At each reference, sampling $O(d\ln(T/\delta))$ covering queries prevents an undetected bad instance over $T$ updates, by $(1-1/d)^s\le e^{-s/d}$ and a union bound. This proves the parameter dependence and extends the argument to all realizable marginals here.  
                                                              ^^
Warning 3 in appendices/statistical_dimension.tex line 64: You should enclose the previous parenthesis with `{}'.
The final inequality follows by twice differentiating $\log\E_Qe^{\lambda f}$: its second derivative is a variance of a variable in $[-1,1]$, at most one. Choosing $\lambda$ proportional to $\kappa$ decreases KL by $\Omega(\kappa^2)$. There are therefore $O(\ln|Z|/\kappa^2)$ updates. At each reference, sampling $O(d\ln(T/\delta))$ covering queries prevents an undetected bad instance over $T$ updates, by $(1-1/d)^s\le e^{-s/d}$ and a union bound. This proves the parameter dependence and extends the argument to all realizable marginals here.  
                                                                                                                                                                                                                                                                                                                                                                                                                              ^
Warning 8 in appendices/statistical_dimension.tex line 66: Wrong length of dash may have been used.
At fairness $1/4$ and constant $\delta<1/4$, this yields constant success probability. Fresh repetitions and a single loss query to verify each candidate amplify success with $O(\ln(1/\delta'))$ repetitions and loss slack $O(\kappa)$. This reasoning remains valid for history-dependent oracles by conditioning on earlier runs. The verifiable-search Theorem 4.11 in \citet{Feldman17} is stated using a different statistical dimension over references admitting no good solution; its dimension must not be identified automatically with the fairness-$1/4$ quantity above. In either route verification does not erase the $R_{\rm KL}/\kappa^2$ term of that generic simulation. The direct learner of Theorem~\ref{thm:main} gives the sharper bound without it.  
                                                                                                                                                                                                                                                                                   ^
Warning 8 in appendices/statistical_dimension.tex line 66: Wrong length of dash may have been used.
At fairness $1/4$ and constant $\delta<1/4$, this yields constant success probability. Fresh repetitions and a single loss query to verify each candidate amplify success with $O(\ln(1/\delta'))$ repetitions and loss slack $O(\kappa)$. This reasoning remains valid for history-dependent oracles by conditioning on earlier runs. The verifiable-search Theorem 4.11 in \citet{Feldman17} is stated using a different statistical dimension over references admitting no good solution; its dimension must not be identified automatically with the fairness-$1/4$ quantity above. In either route verification does not erase the $R_{\rm KL}/\kappa^2$ term of that generic simulation. The direct learner of Theorem~\ref{thm:main} gives the sharper bound without it.  
                                                                                                                                                                                                                                                                                                                                                     ^
Warning 8 in appendices/isotropy_program.tex line 1: Wrong length of dash may have been used.
\section{A finite-bit convex program for the cap implementation}\label{app:convex}  
                 ^
Warning 8 in appendices/isotropy_program.tex line 2: Wrong length of dash may have been used.
This appendix proves the weakly polynomial implementation needed in Theorem~\ref{thm:caps}. It does not require a claim that an exact radial-isotropic matrix has rational entries. Approximate Forster computation is established prior work; see \citet{DKT22} for stronger algorithms. We verify the particular general-position convex program and the bit bounds needed here.  
                                                                                                                                            ^
Warning 8 in appendices/isotropy_program.tex line 2: Wrong length of dash may have been used.
This appendix proves the weakly polynomial implementation needed in Theorem~\ref{thm:caps}. It does not require a claim that an exact radial-isotropic matrix has rational entries. Approximate Forster computation is established prior work; see \citet{DKT22} for stronger algorithms. We verify the particular general-position convex program and the bit bounds needed here.  
                                                                                                                                                                                                                                                                                                                          ^
Warning 8 in appendices/isotropy_program.tex line 4: Wrong length of dash may have been used.
Let $k>d$ and let $v_1,\ldots,v_k\in\mathbb Q^d$ be in linear general position. Assume the numerator and denominator of every coordinate have absolute value at most $2^b$, with nonzero denominators. Let $\Delta_I$ be the determinant of the rows indexed by a $d$-subset $I$. Every $\Delta_I$ is nonzero. Cauchy--Binet gives the convex function  
                                                                                                                                                                                                                                                                                                                     ^^
Warning 36 in appendices/isotropy_program.tex line 6: You should put a space in front of parenthesis.
 f(t)=\log\det\left(\sum_i e^{t_i}v_iv_i^\top\right)-\frac dk\sum_i t_i  
  ^
Warning 1 in appendices/isotropy_program.tex line 6: Command terminated with space.
 f(t)=\log\det\left(\sum_i e^{t_i}v_iv_i^\top\right)-\frac dk\sum_i t_i  
                                                          ^
Warning 1 in appendices/isotropy_program.tex line 7: Command terminated with space.
 =\log\sum_{|I|=d}\Delta_I^2e^{\sum_{i\in I}t_i}-\frac dk\sum_i t_i.  
                                         ^
Warning 1 in appendices/isotropy_program.tex line 7: Command terminated with space.
 =\log\sum_{|I|=d}\Delta_I^2e^{\sum_{i\in I}t_i}-\frac dk\sum_i t_i.  
                                                      ^
Warning 8 in appendices/isotropy_program.tex line 9: Wrong length of dash may have been used.
The identity follows by applying the determinant expansion to the product of the $d\times k$ column matrix with entries $e^{t_i/2}v_i$ and its transpose; only distinct $d$-subsets remain. Differentiating the log-sum-exp expression shows that its Hessian is the covariance matrix of the incidence vector $\1_I$ under the displayed positive weights. It is positive semidefinite and has operator norm at most $\E\|\1_I\|^2=d$. Also $\|\nabla f\|\le2\sqrt d$. Thus $f$ is convex, $d$-smooth, and invariant under adding a constant to all coordinates.  
                                                                                                                                                                                                                   ^
Warning 8 in appendices/isotropy_program.tex line 9: Wrong length of dash may have been used.
The identity follows by applying the determinant expansion to the product of the $d\times k$ column matrix with entries $e^{t_i/2}v_i$ and its transpose; only distinct $d$-subsets remain. Differentiating the log-sum-exp expression shows that its Hessian is the covariance matrix of the incidence vector $\1_I$ under the displayed positive weights. It is positive semidefinite and has operator norm at most $\E\|\1_I\|^2=d$. Also $\|\nabla f\|\le2\sqrt d$. Thus $f$ is convex, $d$-smooth, and invariant under adding a constant to all coordinates.  
                                                                                                                                                                                                                       ^
Warning 8 in appendices/isotropy_program.tex line 11: Wrong length of dash may have been used.
We give a polynomial radius bound on the zero-sum gauge. Write $a_- =\min_I\log\Delta_I^2$ and $a_+=\max_I\log\Delta_I^2$. For $t_1\ge\cdots\ge t_k$ with $\sum t_i=0$, put $s=t_1+\cdots+t_d$. The average of the largest $d-1$ of $t_2,\ldots,t_k$ is at least their overall average; hence  
                                             ^
Warning 8 in appendices/isotropy_program.tex line 34: Wrong length of dash may have been used.
For completeness, a deliberately conservative projected-subgradient implementation suffices. Set  
                                                       ^
Warning 8 in appendices/isotropy_program.tex line 40: Wrong length of dash may have been used.
At each step compute a rational approximation $\widetilde g$ of $\nabla f$ with Euclidean error at most $\xi$, and project $t-a\widetilde g$ onto $Q$. The projection is rational and polynomial-time: it is $\operatorname{clip}(z_i-\lambda,-2R,2R)$ in each coordinate, with $\lambda$ chosen to make the sum zero. The sum is a continuous piecewise-linear decreasing function; sorting its $2k$ breakpoints and solving on the containing interval finds $\lambda$. The projection inequality follows directly from its normal-cone signs: for every $u\in Q$, $\langle z-\Pi_Qz,u-\Pi_Qz\rangle\le0$, so $\|\Pi_Qz-u\|\le\|z-u\|$.  
                                                                                                                                                                                                ^
Warning 8 in appendices/isotropy_program.tex line 40: Wrong length of dash may have been used.
At each step compute a rational approximation $\widetilde g$ of $\nabla f$ with Euclidean error at most $\xi$, and project $t-a\widetilde g$ onto $Q$. The projection is rational and polynomial-time: it is $\operatorname{clip}(z_i-\lambda,-2R,2R)$ in each coordinate, with $\lambda$ chosen to make the sum zero. The sum is a continuous piecewise-linear decreasing function; sorting its $2k$ breakpoints and solving on the containing interval finds $\lambda$. The projection inequality follows directly from its normal-cone signs: for every $u\in Q$, $\langle z-\Pi_Qz,u-\Pi_Qz\rangle\le0$, so $\|\Pi_Qz-u\|\le\|z-u\|$.  
                                                                                                                                                                                                                                                                                                                                                        ^
Warning 8 in appendices/isotropy_program.tex line 40: Wrong length of dash may have been used.
At each step compute a rational approximation $\widetilde g$ of $\nabla f$ with Euclidean error at most $\xi$, and project $t-a\widetilde g$ onto $Q$. The projection is rational and polynomial-time: it is $\operatorname{clip}(z_i-\lambda,-2R,2R)$ in each coordinate, with $\lambda$ chosen to make the sum zero. The sum is a continuous piecewise-linear decreasing function; sorting its $2k$ breakpoints and solving on the containing interval finds $\lambda$. The projection inequality follows directly from its normal-cone signs: for every $u\in Q$, $\langle z-\Pi_Qz,u-\Pi_Qz\rangle\le0$, so $\|\Pi_Qz-u\|\le\|z-u\|$.  
                                                                                                                                                                                                                                                                                                                                                                                                                                                                                                                                    ^
Warning 25 in appendices/isotropy_program.tex line 40: You might wish to put this between a pair of `{}'
At each step compute a rational approximation $\widetilde g$ of $\nabla f$ with Euclidean error at most $\xi$, and project $t-a\widetilde g$ onto $Q$. The projection is rational and polynomial-time: it is $\operatorname{clip}(z_i-\lambda,-2R,2R)$ in each coordinate, with $\lambda$ chosen to make the sum zero. The sum is a continuous piecewise-linear decreasing function; sorting its $2k$ breakpoints and solving on the containing interval finds $\lambda$. The projection inequality follows directly from its normal-cone signs: for every $u\in Q$, $\langle z-\Pi_Qz,u-\Pi_Qz\rangle\le0$, so $\|\Pi_Qz-u\|\le\|z-u\|$.  
                                                                                                                                                                                                                                                                                                                                                                                                                                                                                                                                                                                    ^^
Warning 25 in appendices/isotropy_program.tex line 40: You might wish to put this between a pair of `{}'
At each step compute a rational approximation $\widetilde g$ of $\nabla f$ with Euclidean error at most $\xi$, and project $t-a\widetilde g$ onto $Q$. The projection is rational and polynomial-time: it is $\operatorname{clip}(z_i-\lambda,-2R,2R)$ in each coordinate, with $\lambda$ chosen to make the sum zero. The sum is a continuous piecewise-linear decreasing function; sorting its $2k$ breakpoints and solving on the containing interval finds $\lambda$. The projection inequality follows directly from its normal-cone signs: for every $u\in Q$, $\langle z-\Pi_Qz,u-\Pi_Qz\rangle\le0$, so $\|\Pi_Qz-u\|\le\|z-u\|$.  
                                                                                                                                                                                                                                                                                                                                                                                                                                                                                                                                                                                             ^^
Warning 25 in appendices/isotropy_program.tex line 40: You might wish to put this between a pair of `{}'
At each step compute a rational approximation $\widetilde g$ of $\nabla f$ with Euclidean error at most $\xi$, and project $t-a\widetilde g$ onto $Q$. The projection is rational and polynomial-time: it is $\operatorname{clip}(z_i-\lambda,-2R,2R)$ in each coordinate, with $\lambda$ chosen to make the sum zero. The sum is a continuous piecewise-linear decreasing function; sorting its $2k$ breakpoints and solving on the containing interval finds $\lambda$. The projection inequality follows directly from its normal-cone signs: for every $u\in Q$, $\langle z-\Pi_Qz,u-\Pi_Qz\rangle\le0$, so $\|\Pi_Qz-u\|\le\|z-u\|$.  
                                                                                                                                                                                                                                                                                                                                                                                                                                                                                                                                                                                                                       ^^
Warning 3 in appendices/isotropy_program.tex line 46: You should enclose the previous parenthesis with `{}'.
 +\frac a2(2\sqrt d+\xi)^2+4R\sqrt k\,\xi.  
                       ^
Warning 25 in appendices/isotropy_program.tex line 55: You might wish to put this between a pair of `{}'
apply the quadratic upper bound to $\bar t-\nabla f(\bar t)/d$ and compare with the global minimum. Put $S=\sum_i e^{\bar t_i}v_iv_i^\top$. Differentiating the first expression in \eqref{eq:barthe} yields  
                                                                                                                                ^^
Warning 25 in appendices/isotropy_program.tex line 65: You might wish to put this between a pair of `{}'
To see this, write each summand as $e^{\bar t_i}T_0v_iv_i^\top T_0^\top/\ell_i$ and use the preceding bounds together with their unnormalized sum $I$.  
                                                     ^^
Warning 8 in appendices/isotropy_program.tex line 67: Wrong length of dash may have been used.
All calculations can be performed to the required accuracy with polynomially many bits, rather than an unspecified exact-real oracle. For fixed $d$, the number of terms $\binom kd$ in \eqref{eq:barthe} is polynomial. The gradient is a ratio of sums of the nonnegative numbers $\Delta_I^2\exp(\sum_{i\in I}t_i)$. Their exponent arguments have absolute value at most $2dR$, and their rational coefficients have polynomial bit length by the determinant bounds. Exponentials on this bounded range admit rational interval approximations with bit complexity polynomial in $R,b,k,\log(1/\xi)$: for nonnegative arguments use the Taylor series and its positive tail bound, and for negative arguments take reciprocals. The elementary inequality $j!\ge(j/e)^j$, obtained by integrating $\log x$, bounds the number of Taylor terms by a polynomial in the argument bound and target precision. Positive sums have no cancellation; the denominator has the explicit lower bound $2^{-2bd^2}e^{-2dR}$. Compute each gradient coordinate to error at most $\xi/(2k)$ and round it to one fixed dyadic grid of spacing at most $\xi/(2k)$. The total coordinate error is at most $\xi/k$, giving the required Euclidean error. These grid values have polynomial bit length independent of the iteration index. Exact rational projection introduces only the denominators of the fixed step size and a divisor at most $k$ at each iteration, so projection and averaging retain polynomial bit length over the polynomial number of iterations. Thus the preceding inexact-gradient implementation has a polynomial bit-operation bound for fixed $d$.  
                                                                                                                        ^
Warning 3 in appendices/isotropy_program.tex line 67: You should enclose the previous parenthesis with `{}'.
All calculations can be performed to the required accuracy with polynomially many bits, rather than an unspecified exact-real oracle. For fixed $d$, the number of terms $\binom kd$ in \eqref{eq:barthe} is polynomial. The gradient is a ratio of sums of the nonnegative numbers $\Delta_I^2\exp(\sum_{i\in I}t_i)$. Their exponent arguments have absolute value at most $2dR$, and their rational coefficients have polynomial bit length by the determinant bounds. Exponentials on this bounded range admit rational interval approximations with bit complexity polynomial in $R,b,k,\log(1/\xi)$: for nonnegative arguments use the Taylor series and its positive tail bound, and for negative arguments take reciprocals. The elementary inequality $j!\ge(j/e)^j$, obtained by integrating $\log x$, bounds the number of Taylor terms by a polynomial in the argument bound and target precision. Positive sums have no cancellation; the denominator has the explicit lower bound $2^{-2bd^2}e^{-2dR}$. Compute each gradient coordinate to error at most $\xi/(2k)$ and round it to one fixed dyadic grid of spacing at most $\xi/(2k)$. The total coordinate error is at most $\xi/k$, giving the required Euclidean error. These grid values have polynomial bit length independent of the iteration index. Exact rational projection introduces only the denominators of the fixed step size and a divisor at most $k$ at each iteration, so projection and averaging retain polynomial bit length over the polynomial number of iterations. Thus the preceding inexact-gradient implementation has a polynomial bit-operation bound for fixed $d$.  
                                                                                                                                                                                                                                                                                                                                                                                                                                                                                                                                                                                                                                                                                                                                                                         ^
Warning 8 in appendices/isotropy_program.tex line 67: Wrong length of dash may have been used.
All calculations can be performed to the required accuracy with polynomially many bits, rather than an unspecified exact-real oracle. For fixed $d$, the number of terms $\binom kd$ in \eqref{eq:barthe} is polynomial. The gradient is a ratio of sums of the nonnegative numbers $\Delta_I^2\exp(\sum_{i\in I}t_i)$. Their exponent arguments have absolute value at most $2dR$, and their rational coefficients have polynomial bit length by the determinant bounds. Exponentials on this bounded range admit rational interval approximations with bit complexity polynomial in $R,b,k,\log(1/\xi)$: for nonnegative arguments use the Taylor series and its positive tail bound, and for negative arguments take reciprocals. The elementary inequality $j!\ge(j/e)^j$, obtained by integrating $\log x$, bounds the number of Taylor terms by a polynomial in the argument bound and target precision. Positive sums have no cancellation; the denominator has the explicit lower bound $2^{-2bd^2}e^{-2dR}$. Compute each gradient coordinate to error at most $\xi/(2k)$ and round it to one fixed dyadic grid of spacing at most $\xi/(2k)$. The total coordinate error is at most $\xi/k$, giving the required Euclidean error. These grid values have polynomial bit length independent of the iteration index. Exact rational projection introduces only the denominators of the fixed step size and a divisor at most $k$ at each iteration, so projection and averaging retain polynomial bit length over the polynomial number of iterations. Thus the preceding inexact-gradient implementation has a polynomial bit-operation bound for fixed $d$.  
                                                                                                                                                                                                                                                                                                                                                                                                                                                                                                                                                                                                                                                                                                                                                                                                                                                                                                                                                                                                                                                                                                                                                                                                                                                                                                                                                                                                                                                                                                                                                                                         ^
Warning 8 in appendices/isotropy_program.tex line 67: Wrong length of dash may have been used.
All calculations can be performed to the required accuracy with polynomially many bits, rather than an unspecified exact-real oracle. For fixed $d$, the number of terms $\binom kd$ in \eqref{eq:barthe} is polynomial. The gradient is a ratio of sums of the nonnegative numbers $\Delta_I^2\exp(\sum_{i\in I}t_i)$. Their exponent arguments have absolute value at most $2dR$, and their rational coefficients have polynomial bit length by the determinant bounds. Exponentials on this bounded range admit rational interval approximations with bit complexity polynomial in $R,b,k,\log(1/\xi)$: for nonnegative arguments use the Taylor series and its positive tail bound, and for negative arguments take reciprocals. The elementary inequality $j!\ge(j/e)^j$, obtained by integrating $\log x$, bounds the number of Taylor terms by a polynomial in the argument bound and target precision. Positive sums have no cancellation; the denominator has the explicit lower bound $2^{-2bd^2}e^{-2dR}$. Compute each gradient coordinate to error at most $\xi/(2k)$ and round it to one fixed dyadic grid of spacing at most $\xi/(2k)$. The total coordinate error is at most $\xi/k$, giving the required Euclidean error. These grid values have polynomial bit length independent of the iteration index. Exact rational projection introduces only the denominators of the fixed step size and a divisor at most $k$ at each iteration, so projection and averaging retain polynomial bit length over the polynomial number of iterations. Thus the preceding inexact-gradient implementation has a polynomial bit-operation bound for fixed $d$.  
                                                                                                                                                                                                                                                                                                                                                                                                                                                                                                                                                                                                                                                                                                                                                                                                                                                                                                                                                                                                                                                                                                                                                                                                                                                                                                                                                                                                                                                                                                                                                                                                                                      ^
Warning 3 in appendices/isotropy_program.tex line 73: You should enclose the previous parenthesis with `{}'.
 \frac{2^{-2bd^2}}{(kd\,2^{2b})^{d-1}}  
                              ^
Warning 8 in appendices/isotropy_program.tex line 75: Wrong length of dash may have been used.
follow from trace, determinant, and Cauchy--Binet. Since $|\bar t_i|\le2R$, multiplying these bounds by $e^{\pm2R}$ bounds the eigenvalues of $S$. Their logarithms have polynomial size. Interval Cholesky factorization followed by inversion, approximating each square root by rational bisection, consequently computes $T_0$ to $2^{-q(k,b,R)}$ operator error in polynomial time for a sufficiently large fixed polynomial $q$. This last assertion can also be checked directly: Cholesky pivots are bounded below by the smallest eigenvalue, all divisions have polynomial logarithmic conditioning, and there are only $O(d^3)$ operations. If $\|a-b\|\le\|a\|/2$, then  
                                          ^^
Warning 25 in appendices/isotropy_program.tex line 79: You might wish to put this between a pair of `{}'
The displayed eigenvalue bounds and the nonzero rational input coordinates therefore give an explicit polynomial precision at which the normalized covariance changes by less than $1/(8d)$. Its lower eigenvalue remains above $3/(4d)$. For rational $T$, this final statement is independently decidable by rational arithmetic: the covariance is the sum of $Tv_iv_i^\top T^\top/(v_i^\top T^\top Tv_i)$, and positivity above $3I/(4d)$ is checked using leading principal minors. This completes the finite-bit construction.  
                                                                                                                                                                                                                                                                                                                                                                     ^^
Warning 8 in appendices/isotropy_program.tex line 79: Wrong length of dash may have been used.
The displayed eigenvalue bounds and the nonzero rational input coordinates therefore give an explicit polynomial precision at which the normalized covariance changes by less than $1/(8d)$. Its lower eigenvalue remains above $3/(4d)$. For rational $T$, this final statement is independently decidable by rational arithmetic: the covariance is the sum of $Tv_iv_i^\top T^\top/(v_i^\top T^\top Tv_i)$, and positivity above $3I/(4d)$ is checked using leading principal minors. This completes the finite-bit construction.  
                                                                                                                                                                                                                                                                                                                                                                                                                                                                                                                  ^
Warning 8 in appendices/isotropy_program.tex line 81: Wrong length of dash may have been used.
SQ replies themselves need no unlimited precision in the computational corollary. Request half the advertised tolerance and round the reply to a rational grid of spacing at most that tolerance. The effective error remains within the advertised tolerance. This changes only an absolute constant and uses $O(\log(1/\tau))$ reply bits. Each cap test is a fixed-degree rational inequality; the unpeeled set is represented by the negations of earlier peeling tests. No table-dependent advice beyond the stated input is hidden in this computation.  
                                                                                                                                                                                                                                                                                                                                                                     ^
Warning 8 in appendices/isotropy_program.tex line 81: Wrong length of dash may have been used.
SQ replies themselves need no unlimited precision in the computational corollary. Request half the advertised tolerance and round the reply to a rational grid of spacing at most that tolerance. The effective error remains within the advertised tolerance. This changes only an absolute constant and uses $O(\log(1/\tau))$ reply bits. Each cap test is a fixed-degree rational inequality; the unpeeled set is represented by the negations of earlier peeling tests. No table-dependent advice beyond the stated input is hidden in this computation.  
                                                                                                                                                                                                                                                                                                                                                                                                                                                                                     ^
Warning 8 in appendices/concentration.tex line 1: Wrong length of dash may have been used.
\section{The cube concentration calculation used for non-necessity}\label{app:concentration}  
                                                        ^
Warning 8 in appendices/concentration.tex line 2: Wrong length of dash may have been used.
Let $f$ on the uniform $n$-cube change by at most one when one coordinate is flipped. Reveal the coordinates successively and write the Doob differences as $D_i$. Conditional on the first $i-1$ coordinates, the two conditional expectations after revealing coordinate $i$ differ by at most one: couple the remaining coordinates identically and use the bounded-difference hypothesis. Thus $D_i$ is conditionally centered and lies in an interval of length at most one.  
                                                                                                                                                                                                                                                                                                                                                                      ^
Warning 3 in appendices/concentration.tex line 4: You should enclose the previous parenthesis with `{}'.
For any centered random variable $Z$ in an interval of length one, let $F(\lambda)=\log\E e^{\lambda Z}$. Differentiation of the finite sum gives $F''(\lambda)$ equal to the variance under the exponentially tilted law. A variable $Y\in[a,b]$ has variance at most $(b-a)^2/4$: from $(Y-a)(b-Y)\ge0$ obtain $\operatorname{Var}(Y)\le(\E Y-a)(b-\E Y)\le(b-a)^2/4$. Hence $F''\le1/4$, and integrating twice using $F(0)=F'(0)=0$ yields $F(\lambda)\le\lambda^2/8$ for either sign of $\lambda$.  
                                                                                                                                                                                                                                                                            ^
Warning 3 in appendices/concentration.tex line 4: You should enclose the previous parenthesis with `{}'.
For any centered random variable $Z$ in an interval of length one, let $F(\lambda)=\log\E e^{\lambda Z}$. Differentiation of the finite sum gives $F''(\lambda)$ equal to the variance under the exponentially tilted law. A variable $Y\in[a,b]$ has variance at most $(b-a)^2/4$: from $(Y-a)(b-Y)\ge0$ obtain $\operatorname{Var}(Y)\le(\E Y-a)(b-\E Y)\le(b-a)^2/4$. Hence $F''\le1/4$, and integrating twice using $F(0)=F'(0)=0$ yields $F(\lambda)\le\lambda^2/8$ for either sign of $\lambda$.  
                                                                                                                                                                                                                                                                                                                                                                 ^
Warning 8 in appendices/geometric_bounds.tex line 3: Wrong length of dash may have been used.
\begin{proposition}[Independent constant rectangle bound]\label{prop:cap-bound}  
                                                                        ^
Warning 8 in appendices/geometric_bounds.tex line 4: Wrong length of dash may have been used.
Let $c_d$ be the normalized surface measure of the cap of Section~\ref{sec:caps} on $S^{d-1}$, $d\ge2$. Every matrix $F$ of sign-rank at most $d$ satisfies $\rect(F)\ge c_d/(4d)$. If $F$ has no negative $2\times2$, every monotone flip $A$ satisfies $\rect(A)\ge c_d/(8d)$. In particular, for $d=6$ this is greater than $2^{-18}$.  
                                                                                                                                ^
Warning 8 in appendices/geometric_bounds.tex line 12: Wrong length of dash may have been used.
Apply \cref{lem:product-weights}, repeating all row copies further so their number exceeds $d$. Representations of identical copies may differ, but their signs agree with the original entries; projection therefore preserves monochromaticity. A negative rectangle has a singleton side under the additional assumption on $F$. Split its other side according to the new signs in $A$; one color retains at least half its product mass. Positive rectangles survive unchanged. This proves the second assertion.  
                       ^
Warning 8 in appendices/geometric_bounds.tex line 14: Wrong length of dash may have been used.
For the numerical estimate at $d=6$, project the cap onto its last five coordinates. Its image is the five-dimensional ball of radius $\alpha=1/\sqrt{12}$, and the surface-area Jacobian is at least one. The volume of the unit five-ball is $8\pi^2/15$ and the area of $S^5$ is $\pi^3$, obtained by polar integration of the Gaussian integral. Thus  
                                                                                                          ^
Warning 8 in appendices/geometric_bounds.tex line 14: Wrong length of dash may have been used.
For the numerical estimate at $d=6$, project the cap onto its last five coordinates. Its image is the five-dimensional ball of radius $\alpha=1/\sqrt{12}$, and the surface-area Jacobian is at least one. The volume of the unit five-ball is $8\pi^2/15$ and the area of $S^5$ is $\pi^3$, obtained by polar integration of the Gaussian integral. Thus  
                                                                                                                                                                           ^
Warning 8 in appendices/geometric_bounds.tex line 14: Wrong length of dash may have been used.
For the numerical estimate at $d=6$, project the cap onto its last five coordinates. Its image is the five-dimensional ball of radius $\alpha=1/\sqrt{12}$, and the surface-area Jacobian is at least one. The volume of the unit five-ball is $8\pi^2/15$ and the area of $S^5$ is $\pi^3$, obtained by polar integration of the Gaussian integral. Thus  
                                                                                                                                                                                                                                      ^
Warning 8 in appendices/geometric_bounds.tex line 23: Wrong length of dash may have been used.
\begin{proposition}[Uniform-product rectangles in a projective plane]\label{prop:pg-rect}  
                           ^
Warning 8 in appendices/geometric_bounds.tex line 23: Wrong length of dash may have been used.
\begin{proposition}[Uniform-product rectangles in a projective plane]\label{prop:pg-rect}  
                                                                                   ^
Warning 8 in appendices/geometric_bounds.tex line 24: Wrong length of dash may have been used.
For the point--line incidence sign matrix of $\operatorname{PG}(2,q)$, let $K=q^2+q+1$ and $k=q+1$. Under uniform distributions on both sides, the largest monochromatic-rectangle mass lies between  
             ^^
Warning 8 in appendices/geometric_bounds.tex line 24: Wrong length of dash may have been used.
For the point--line incidence sign matrix of $\operatorname{PG}(2,q)$, let $K=q^2+q+1$ and $k=q+1$. Under uniform distributions on both sides, the largest monochromatic-rectangle mass lies between  
                                                                                                                                                                        ^
Warning 3 in appendices/geometric_bounds.tex line 26: You should enclose the previous parenthesis with `{}'.
 \frac1{8(q+1)}\quad\text{and}\quad\frac{q}{(q+1)^2}.  
                                                ^
Warning 25 in appendices/geometric_bounds.tex line 32: You might wish to put this between a pair of `{}'
Let $P$ be the incidence matrix. As proved in Theorem~\ref{thm:plane}, $P\1=k\1$ and $P^TP=qI+\1\1^T$. Thus $C=P-(k/K)\1\1^T$ has operator norm $\sqrt q$. A nonincident rectangle with side sizes $a,b$ satisfies  
                                                                                        ^^
Warning 25 in appendices/geometric_bounds.tex line 34: You might wish to put this between a pair of `{}'
 \frac{k}{K}ab=|\1_S^TC\1_T|\le\sqrt q\sqrt{ab},  
                     ^^
Warning 8 in appendices/geometric_bounds.tex line 36: Wrong length of dash may have been used.
so its mass is at most $q/k^2$. An all-incident rectangle has a singleton side and size at most $k$. Its mass $k/K^2$ is also at most $q/k^2$: use $K\ge qk$ and $q^3\ge k$ for $q\ge2$ to obtain $qK^2\ge q^3k^2\ge k^3$.  
                                      ^
Warning 1 in appendices/experiments.tex line 3: Command terminated with space.
\begin{center}\small\ttfamily  
                             ^
Warning 8 in appendices/experiments.tex line 7: Wrong length of dash may have been used.
with the two lines concatenated. The experimental flip bit is the low bit of the first byte of HMAC-SHA256 on the key and the message consisting of \texttt{SQDC4}, a zero byte, and the unsigned 64-bit big-endian tuple $(N,a,b,x,y)$. Off-incidence entries remain positive. The random-search seed is $202609104$. This specifies a reproducible keyed-hash instantiation, not a proof of the subexponential security assumed in Theorem~\ref{thm:prf}.  
                                                                                                   ^
Warning 8 in appendices/experiments.tex line 7: Wrong length of dash may have been used.
with the two lines concatenated. The experimental flip bit is the low bit of the first byte of HMAC-SHA256 on the key and the message consisting of \texttt{SQDC4}, a zero byte, and the unsigned 64-bit big-endian tuple $(N,a,b,x,y)$. Off-incidence entries remain positive. The random-search seed is $202609104$. This specifies a reproducible keyed-hash instantiation, not a proof of the subexponential security assumed in Theorem~\ref{thm:prf}.  
                                                                                                                                                                                                            ^
Warning 8 in appendices/experiments.tex line 7: Wrong length of dash may have been used.
with the two lines concatenated. The experimental flip bit is the low bit of the first byte of HMAC-SHA256 on the key and the message consisting of \texttt{SQDC4}, a zero byte, and the unsigned 64-bit big-endian tuple $(N,a,b,x,y)$. Off-incidence entries remain positive. The random-search seed is $202609104$. This specifies a reproducible keyed-hash instantiation, not a proof of the subexponential security assumed in Theorem~\ref{thm:prf}.  
                                                                                                                                                                                                                                            ^
Warning 8 in appendices/experiments.tex line 7: Wrong length of dash may have been used.
with the two lines concatenated. The experimental flip bit is the low bit of the first byte of HMAC-SHA256 on the key and the message consisting of \texttt{SQDC4}, a zero byte, and the unsigned 64-bit big-endian tuple $(N,a,b,x,y)$. Off-incidence entries remain positive. The random-search seed is $202609104$. This specifies a reproducible keyed-hash instantiation, not a proof of the subexponential security assumed in Theorem~\ref{thm:prf}.  
                                                                                                                                                                                                                                                                                          ^
Warning 8 in appendices/experiments.tex line 7: Wrong length of dash may have been used.
with the two lines concatenated. The experimental flip bit is the low bit of the first byte of HMAC-SHA256 on the key and the message consisting of \texttt{SQDC4}, a zero byte, and the unsigned 64-bit big-endian tuple $(N,a,b,x,y)$. Off-incidence entries remain positive. The random-search seed is $202609104$. This specifies a reproducible keyed-hash instantiation, not a proof of the subexponential security assumed in Theorem~\ref{thm:prf}.  
                                                                                                                                                                                                                                                                                                                                                          ^
Warning 8 in appendices/experiments.tex line 10: Wrong length of dash may have been used.
The learners receive only the entry evaluator and SQ answers; the simulator alone knows the chosen target and rational distribution. Every query records its support mask, exact expectation, returned rational answer and public control state. The adversarial policy chooses a tolerance endpoint using the complete public transcript and the current query. For threshold decisions it chooses an endpoint that favors premature stopping, ambiguous median comparisons, a high-error candidate acceptance, or continued search when available, according to the explicit priority rules in the scripts. The cap marginal policy cannot inspect a private row side or color not revealed by the query. The policy is a concrete greedy adversary, not an optimizer over future private coins. Exact-oracle runs are reported separately in the raw outputs.  
                                                                                                                                                                                                                                                                                                                                                                                                                                                                                    ^
Warning 8 in appendices/experiments.tex line 10: Wrong length of dash may have been used.
The learners receive only the entry evaluator and SQ answers; the simulator alone knows the chosen target and rational distribution. Every query records its support mask, exact expectation, returned rational answer and public control state. The adversarial policy chooses a tolerance endpoint using the complete public transcript and the current query. For threshold decisions it chooses an endpoint that favors premature stopping, ambiguous median comparisons, a high-error candidate acceptance, or continued search when available, according to the explicit priority rules in the scripts. The cap marginal policy cannot inspect a private row side or color not revealed by the query. The policy is a concrete greedy adversary, not an optimizer over future private coins. Exact-oracle runs are reported separately in the raw outputs.  
                                                                                                                                                                                                                                                                                                                                                                                                                                                                                                                                                                                                                                                                                                                                                                                                        ^
Warning 8 in appendices/experiments.tex line 12: Wrong length of dash may have been used.
Structured distributions include uniform template points, actual negative points, one heavy negative point with a small tail, and mixed positive/negative supports. The searches use random restarts followed by coordinate changes of rational weights, with support at most 20. The order-median sweep uses three restarts and four mutations; the cap sweep uses two restarts and three mutations. Reporting uses fresh learner seeds. Every recorded error is recomputed against the actual target, and every recorded proper output is checked for class membership.  
                                                                                                                                                                                                                                                                                           ^
Warning 8 in appendices/experiments.tex line 14: Wrong length of dash may have been used.
\paragraph{Succinct order-median learner.}  
                         ^
Warning 8 in appendices/experiments.tex line 15: Wrong length of dash may have been used.
The script \texttt{seeded\_fast.py} executes the proper algorithm of Theorem~\ref{thm:fast} for $N=2,\ldots,8,16,32$. It does not construct a truth table or enumerate all domain points inside the learner. The simulator represents $D$ by its finite support. The stated accuracy is $\epsilon=1/10$, and the exact-rational experiments use effective tolerance $\zeta=\epsilon/4096=1/40960$. The finite-bit theorem requests raw tolerance $\zeta/2$ to reserve the other half for response rounding; these runs have no additional rounding error.  
                                                                                                                                                                                                                                                                                                                      ^
Warning 8 in appendices/experiments.tex line 15: Wrong length of dash may have been used.
The script \texttt{seeded\_fast.py} executes the proper algorithm of Theorem~\ref{thm:fast} for $N=2,\ldots,8,16,32$. It does not construct a truth table or enumerate all domain points inside the learner. The simulator represents $D$ by its finite support. The stated accuracy is $\epsilon=1/10$, and the exact-rational experiments use effective tolerance $\zeta=\epsilon/4096=1/40960$. The finite-bit theorem requests raw tolerance $\zeta/2$ to reserve the other half for response rounding; these runs have no additional rounding error.  
                                                                                                                                                                                                                                                                                                                                                                                                             ^
Warning 1 in appendices/experiments.tex line 17: Command terminated with space.
\begin{center}\small  
                    ^
Warning 1 in appendices/experiments.tex line 19: Command terminated with space.
\toprule  
        ^
Warning 12 in appendices/experiments.tex line 20: Interword spacing (`\ ') should perhaps be used.
$N$&Runs&Largest error&Most queries&Max. wall (ms)&Slope-search runs\\  
                                        ^
Warning 8 in appendices/experiments.tex line 20: Wrong length of dash may have been used.
$N$&Runs&Largest error&Most queries&Max. wall (ms)&Slope-search runs\\  
                                                        ^
Warning 1 in appendices/experiments.tex line 21: Command terminated with space.
\midrule  
        ^
Warning 1 in appendices/experiments.tex line 31: Command terminated with space.
\bottomrule  
           ^
Warning 8 in appendices/experiments.tex line 34: Wrong length of dash may have been used.
Error and wall-time entries are rounded upward. Wall time includes the exact finite-support oracle, not the cost of a physical statistical oracle. Raw output also records simulator time separately. These are empirical maxima and single-run timings, not asymptotic runtime estimates. All 304 runs passed 4,798 exact query-answer checks; all 304 outputs were proper. The 30 slope-search runs specifically exercise the order comparison used to resolve the all-light case.  
              ^
Warning 8 in appendices/experiments.tex line 34: Wrong length of dash may have been used.
Error and wall-time entries are rounded upward. Wall time includes the exact finite-support oracle, not the cost of a physical statistical oracle. Raw output also records simulator time separately. These are empirical maxima and single-run timings, not asymptotic runtime estimates. All 304 runs passed 4,798 exact query-answer checks; all 304 outputs were proper. The 30 slope-search runs specifically exercise the order comparison used to resolve the all-light case.  
                                                                                   ^
Warning 8 in appendices/experiments.tex line 34: Wrong length of dash may have been used.
Error and wall-time entries are rounded upward. Wall time includes the exact finite-support oracle, not the cost of a physical statistical oracle. Raw output also records simulator time separately. These are empirical maxima and single-run timings, not asymptotic runtime estimates. All 304 runs passed 4,798 exact query-answer checks; all 304 outputs were proper. The 30 slope-search runs specifically exercise the order comparison used to resolve the all-light case.  
                                                                                                                                                                                                                                           ^
Warning 8 in appendices/experiments.tex line 34: Wrong length of dash may have been used.
Error and wall-time entries are rounded upward. Wall time includes the exact finite-support oracle, not the cost of a physical statistical oracle. Raw output also records simulator time separately. These are empirical maxima and single-run timings, not asymptotic runtime estimates. All 304 runs passed 4,798 exact query-answer checks; all 304 outputs were proper. The 30 slope-search runs specifically exercise the order comparison used to resolve the all-light case.  
                                                                                                                                                                                                                                                                                                                                ^
Warning 8 in appendices/experiments.tex line 34: Wrong length of dash may have been used.
Error and wall-time entries are rounded upward. Wall time includes the exact finite-support oracle, not the cost of a physical statistical oracle. Raw output also records simulator time separately. These are empirical maxima and single-run timings, not asymptotic runtime estimates. All 304 runs passed 4,798 exact query-answer checks; all 304 outputs were proper. The 30 slope-search runs specifically exercise the order comparison used to resolve the all-light case.  
                                                                                                                                                                                                                                                                                                                                                                                         ^
Warning 8 in appendices/experiments.tex line 34: Wrong length of dash may have been used.
Error and wall-time entries are rounded upward. Wall time includes the exact finite-support oracle, not the cost of a physical statistical oracle. Raw output also records simulator time separately. These are empirical maxima and single-run timings, not asymptotic runtime estimates. All 304 runs passed 4,798 exact query-answer checks; all 304 outputs were proper. The 30 slope-search runs specifically exercise the order comparison used to resolve the all-light case.  
                                                                                                                                                                                                                                                                                                                                                                                                                                                                        ^
Warning 8 in appendices/experiments.tex line 36: Wrong length of dash may have been used.
The small grid sweep cannot reach the large-star sampling branch because its conservative threshold is at least $128/\epsilon=1280$. A separate unit test therefore uses $N=4096$ and the point $p=(1,N+1)$, whose star has 4096 lines. Exactly 1968 of these keyed rows are negative at $p$, exceeding the required local quarter fraction. On 20 learner seeds, a distribution putting mass $.7$ at $p$ and $.3$ at a positive outside point produced a proper zero-error answer. Full transcripts are saved. This tests the large-star branch at one verified star; it does not claim that the entire $N=4096$ table was generated or tested for regularity.  
                                           ^
Warning 8 in appendices/experiments.tex line 36: Wrong length of dash may have been used.
The small grid sweep cannot reach the large-star sampling branch because its conservative threshold is at least $128/\epsilon=1280$. A separate unit test therefore uses $N=4096$ and the point $p=(1,N+1)$, whose star has 4096 lines. Exactly 1968 of these keyed rows are negative at $p$, exceeding the required local quarter fraction. On 20 learner seeds, a distribution putting mass $.7$ at $p$ and $.3$ at a positive outside point produced a proper zero-error answer. Full transcripts are saved. This tests the large-star branch at one verified star; it does not claim that the entire $N=4096$ table was generated or tested for regularity.  
                                                                                                                                                                                                                                                                                                                                                                                                                                                                     ^
Warning 8 in appendices/experiments.tex line 36: Wrong length of dash may have been used.
The small grid sweep cannot reach the large-star sampling branch because its conservative threshold is at least $128/\epsilon=1280$. A separate unit test therefore uses $N=4096$ and the point $p=(1,N+1)$, whose star has 4096 lines. Exactly 1968 of these keyed rows are negative at $p$, exceeding the required local quarter fraction. On 20 learner seeds, a distribution putting mass $.7$ at $p$ and $.3$ at a positive outside point produced a proper zero-error answer. Full transcripts are saved. This tests the large-star branch at one verified star; it does not claim that the entire $N=4096$ table was generated or tested for regularity.  
                                                                                                                                                                                                                                                                                                                                                                                                                                                                                                                                    ^
Warning 8 in appendices/experiments.tex line 39: Wrong length of dash may have been used.
The script \texttt{run\_keyed\_caps.py} runs the proper cap learner on the same keyed family for $N=2,\ldots,8$, using only the public-history endpoint oracle. It uses outer accuracy $1/10$, rectangle-phase accuracy $1/40$, $\rho=2^{20}$, and tolerance $1/23226329280$. A numerical radial-isotropic optimizer proposes a finite catalog of directions and rectangles. Before that catalog is used, the integer truth table verifies every rectangle and the exact pointwise coverage of the discrete mixture. Thus the implemented coverage guarantee does not rely on rounding a numerical covariance residual in the favorable direction.  
                                                                                                                                      ^
Warning 8 in appendices/experiments.tex line 39: Wrong length of dash may have been used.
The script \texttt{run\_keyed\_caps.py} runs the proper cap learner on the same keyed family for $N=2,\ldots,8$, using only the public-history endpoint oracle. It uses outer accuracy $1/10$, rectangle-phase accuracy $1/40$, $\rho=2^{20}$, and tolerance $1/23226329280$. A numerical radial-isotropic optimizer proposes a finite catalog of directions and rectangles. Before that catalog is used, the integer truth table verifies every rectangle and the exact pointwise coverage of the discrete mixture. Thus the implemented coverage guarantee does not rely on rounding a numerical covariance residual in the favorable direction.  
                                                                                                                                                                                                        ^
Warning 8 in appendices/experiments.tex line 39: Wrong length of dash may have been used.
The script \texttt{run\_keyed\_caps.py} runs the proper cap learner on the same keyed family for $N=2,\ldots,8$, using only the public-history endpoint oracle. It uses outer accuracy $1/10$, rectangle-phase accuracy $1/40$, $\rho=2^{20}$, and tolerance $1/23226329280$. A numerical radial-isotropic optimizer proposes a finite catalog of directions and rectangles. Before that catalog is used, the integer truth table verifies every rectangle and the exact pointwise coverage of the discrete mixture. Thus the implemented coverage guarantee does not rely on rounding a numerical covariance residual in the favorable direction.  
                                                                                                                                                                                                                                                                                                ^
Warning 1 in appendices/experiments.tex line 41: Command terminated with space.
\begin{center}\small  
                    ^
Warning 1 in appendices/experiments.tex line 43: Command terminated with space.
\toprule  
        ^
Warning 12 in appendices/experiments.tex line 44: Interword spacing (`\ ') should perhaps be used.
$N$&Runs&Largest error&Most rounds&Most queries&Max. wall (s)\\  
                                                    ^
Warning 1 in appendices/experiments.tex line 45: Command terminated with space.
\midrule  
        ^
Warning 1 in appendices/experiments.tex line 53: Command terminated with space.
\bottomrule  
           ^
Warning 8 in appendices/experiments.tex line 56: Wrong length of dash may have been used.
The 56 recorded runs passed 28,262 exact query-answer checks. Their 499 catalogs passed 231,150 monochromatic-rectangle checks and 228,684 exact pointwise coverage checks. Every returned hypothesis belonged to the class. The entire keyed-cap experiment, including search, took 63.35 seconds in the recorded environment. Query types and the peel, elimination and rejection counts appear in the aggregate CSV and full transcripts. The much smaller query count of the order-median method is expected: it uses the grid order rather than sampling from a conservative generic rectangle law.  
                                              ^
Warning 8 in appendices/experiments.tex line 56: Wrong length of dash may have been used.
The 56 recorded runs passed 28,262 exact query-answer checks. Their 499 catalogs passed 231,150 monochromatic-rectangle checks and 228,684 exact pointwise coverage checks. Every returned hypothesis belonged to the class. The entire keyed-cap experiment, including search, took 63.35 seconds in the recorded environment. Query types and the peel, elimination and rejection counts appear in the aggregate CSV and full transcripts. The much smaller query count of the order-median method is expected: it uses the grid order rather than sampling from a conservative generic rectangle law.  
                                                                                                             ^
Warning 8 in appendices/experiments.tex line 56: Wrong length of dash may have been used.
The 56 recorded runs passed 28,262 exact query-answer checks. Their 499 catalogs passed 231,150 monochromatic-rectangle checks and 228,684 exact pointwise coverage checks. Every returned hypothesis belonged to the class. The entire keyed-cap experiment, including search, took 63.35 seconds in the recorded environment. Query types and the peel, elimination and rejection counts appear in the aggregate CSV and full transcripts. The much smaller query count of the order-median method is expected: it uses the grid order rather than sampling from a conservative generic rectangle law.  
                                                                                                                                                                                                                                             ^
Warning 8 in appendices/experiments.tex line 56: Wrong length of dash may have been used.
The 56 recorded runs passed 28,262 exact query-answer checks. Their 499 catalogs passed 231,150 monochromatic-rectangle checks and 228,684 exact pointwise coverage checks. Every returned hypothesis belonged to the class. The entire keyed-cap experiment, including search, took 63.35 seconds in the recorded environment. Query types and the peel, elimination and rejection counts appear in the aggregate CSV and full transcripts. The much smaller query count of the order-median method is expected: it uses the grid order rather than sampling from a conservative generic rectangle law.  
                                                                                                                                                                                                                                                                                                                                                                                                                                                                                      ^
Warning 8 in appendices/experiments.tex line 59: Wrong length of dash may have been used.
The following exact counts enumerate the independent incidence positions. The rank threshold from Lemma~\ref{lem:subgrid} is zero at all these small scales, so its low-rank event is empty. This table checks the construction and constants, not the asymptotic sign-rank lower bound experimentally.  
                                                                                                                                                                       ^
Warning 8 in appendices/experiments.tex line 59: Wrong length of dash may have been used.
The following exact counts enumerate the independent incidence positions. The rank threshold from Lemma~\ref{lem:subgrid} is zero at all these small scales, so its low-rank event is empty. This table checks the construction and constants, not the asymptotic sign-rank lower bound experimentally.  
                                                                                                                                                                                                                                                                      ^
Warning 1 in appendices/experiments.tex line 62: Command terminated with space.
\toprule  
        ^
Warning 1 in appendices/experiments.tex line 64: Command terminated with space.
\midrule  
        ^
Warning 1 in appendices/experiments.tex line 70: Command terminated with space.
\bottomrule  
           ^
Warning 8 in appendices/experiments.tex line 73: Wrong length of dash may have been used.
The script \texttt{algebra\_and\_stress.py} passed 280 exact rational endpoint checks for the new median, split and orientation inequalities. It also exhausts all label patterns and all sample-index sequences for $N\in\{2,3,4\}$ and $T\in\{0,1,2,3\}$: memorization with a constant fallback on unseen points achieves exactly $\tfrac12(1-1/N)^T$ on average in each of the 12 cases. The affine certificate script additionally checks the incidence and Gram identities over five prime fields and the corresponding success-probability substitution. The experiments concern statistical-query algorithms.  
                                                                                                                                                                                                ^
Warning 3 in appendices/experiments.tex line 73: You should enclose the previous parenthesis with `{}'.
The script \texttt{algebra\_and\_stress.py} passed 280 exact rational endpoint checks for the new median, split and orientation inequalities. It also exhausts all label patterns and all sample-index sequences for $N\in\{2,3,4\}$ and $T\in\{0,1,2,3\}$: memorization with a constant fallback on unseen points achieves exactly $\tfrac12(1-1/N)^T$ on average in each of the 12 cases. The affine certificate script additionally checks the incidence and Gram identities over five prime fields and the corresponding success-probability substitution. The experiments concern statistical-query algorithms.  
                                                                                                                                                                                                                                                                                                                                                   ^
Warning 8 in appendices/experiments.tex line 73: Wrong length of dash may have been used.
The script \texttt{algebra\_and\_stress.py} passed 280 exact rational endpoint checks for the new median, split and orientation inequalities. It also exhausts all label patterns and all sample-index sequences for $N\in\{2,3,4\}$ and $T\in\{0,1,2,3\}$: memorization with a constant fallback on unseen points achieves exactly $\tfrac12(1-1/N)^T$ on average in each of the 12 cases. The affine certificate script additionally checks the incidence and Gram identities over five prime fields and the corresponding success-probability substitution. The experiments concern statistical-query algorithms.  
                                                                                                                                                                                                                                                                                                                                                                                                                                                                                                                                    ^
Warning 8 in appendices/experiments.tex line 73: Wrong length of dash may have been used.
The script \texttt{algebra\_and\_stress.py} passed 280 exact rational endpoint checks for the new median, split and orientation inequalities. It also exhausts all label patterns and all sample-index sequences for $N\in\{2,3,4\}$ and $T\in\{0,1,2,3\}$: memorization with a constant fallback on unseen points achieves exactly $\tfrac12(1-1/N)^T$ on average in each of the 12 cases. The affine certificate script additionally checks the incidence and Gram identities over five prime fields and the corresponding success-probability substitution. The experiments concern statistical-query algorithms.  
                                                                                                                                                                                                                                                                                                                                                                                                                                                                                                                                                                                                  ^
Warning 8 in appendices/experiments.tex line 76: Wrong length of dash may have been used.
The proofs establish the universal statements, subject to explicitly cited imported theorems and the stated cryptographic assumption. The recorded response, membership and coverage checks are exact finite certificates; numerical solver convergence and adversarial-search global optimality are not certified. Keyed-hash experiments test an implementation, not cryptographic indistinguishability or uniform empirical performance over all keys. Build commands, software versions, seeds, sources and raw rational outputs accompany the manuscript.  
                                                                                                                                                                                                                                                                       ^
Warning 8 in appendices/experiments.tex line 76: Wrong length of dash may have been used.
The proofs establish the universal statements, subject to explicitly cited imported theorems and the stated cryptographic assumption. The recorded response, membership and coverage checks are exact finite certificates; numerical solver convergence and adversarial-search global optimality are not certified. Keyed-hash experiments test an implementation, not cryptographic indistinguishability or uniform empirical performance over all keys. Build commands, software versions, seeds, sources and raw rational outputs accompany the manuscript.  
                                                                                                                                                                                                                                                                                                                         ^
